{"stats":{"minecraft:picked_up":{"minecraft:crafting_table":10,"minecraft:wheat":7,"minecraft:brewing_stand":1,"minecraft:amethyst_block":2,"minecraft:string":9,"minecraft:cartography_table":1,"minecraft:cobbled_deepslate":75,"minecraft:beef":9,"minecraft:sugar_cane":6,"minecraft:furnace":3,"minecraft:egg":4,"minecraft:stick":2,"minecraft:raw_iron":24,"minecraft:acacia_fence":8,"minecraft:torch":30,"minecraft:acacia_log":59,"minecraft:porkchop":14,"minecraft:rotten_flesh":14,"minecraft:stone_shovel":1,"minecraft:beetroot_seeds":4,"minecraft:hay_block":5,"minecraft:mutton":11,"minecraft:white_wool":7,"minecraft:cobblestone":126,"minecraft:oxeye_daisy":1,"minecraft:lilac":4,"minecraft:leather":1,"minecraft:potato":16,"minecraft:tuff":23,"minecraft:oak_log":44,"minecraft:yellow_bed":2,"minecraft:acacia_boat":1,"minecraft:lapis_lazuli":6,"minecraft:dirt":198,"minecraft:bone":2,"minecraft:acacia_planks":28,"minecraft:apple":2,"minecraft:bow":1,"minecraft:wheat_seeds":76,"minecraft:stone_pickaxe":1,"minecraft:oak_planks":15,"minecraft:cooked_porkchop":1,"minecraft:pumpkin":3,"minecraft:dandelion":2,"minecraft:gravel":2,"minecraft:sand":39,"minecraft:amethyst_shard":8,"minecraft:white_bed":2,"minecraft:diamond":20,"minecraft:stone_axe":1,"minecraft:gray_wool":2,"minecraft:oak_sapling":4,"minecraft:coal":73,"minecraft:ender_pearl":1,"minecraft:sunflower":4},"minecraft:broken":{"minecraft:stone_sword":1,"minecraft:stone_axe":1,"minecraft:stone_shovel":1},"minecraft:dropped":{"minecraft:bread":3,"minecraft:lilac":4,"minecraft:leather":1,"minecraft:stick":2,"minecraft:torch":25,"minecraft:string":4,"minecraft:white_wool":4,"minecraft:acacia_planks":28,"minecraft:stone_axe":2,"minecraft:stone_shovel":1,"minecraft:rotten_flesh":8,"minecraft:oak_sapling":1,"minecraft:stone_pickaxe":1},"minecraft:custom":{"minecraft:mob_kills":36,"minecraft:animals_bred":5,"minecraft:interact_with_crafting_table":30,"minecraft:leave_game":2,"minecraft:time_since_death":26246,"minecraft:climb_one_cm":1173,"minecraft:sprint_one_cm":526043,"minecraft:walk_one_cm":408594,"minecraft:drop":16,"minecraft:talked_to_villager":1,"minecraft:play_time":119906,"minecraft:deaths":2,"minecraft:sneak_time":375,"minecraft:walk_under_water_one_cm":29774,"minecraft:boat_one_cm":47027,"minecraft:jump":2027,"minecraft:walk_on_water_one_cm":25372,"minecraft:total_world_time":119906,"minecraft:interact_with_furnace":21,"minecraft:sleep_in_bed":3,"minecraft:time_since_rest":26354,"minecraft:damage_taken":2637,"minecraft:damage_dealt":5157,"minecraft:swim_one_cm":40113,"minecraft:fly_one_cm":329759,"minecraft:open_chest":21,"minecraft:crouch_one_cm":1281,"minecraft:fall_one_cm":52676},"minecraft:crafted":{"minecraft:oak_planks":172,"minecraft:stone_shovel":2,"minecraft:furnace":2,"minecraft:bone_meal":6,"minecraft:cooked_mutton":11,"minecraft:stone_pickaxe":3,"minecraft:chest":4,"minecraft:acacia_fence":30,"minecraft:stone_hoe":1,"minecraft:cooked_beef":9,"minecraft:cooked_porkchop":8,"minecraft:crafting_table":5,"minecraft:wooden_pickaxe":2,"minecraft:iron_sword":1,"minecraft:oak_wood":3,"minecraft:stone_axe":2,"minecraft:acacia_boat":1,"minecraft:air":0,"minecraft:diamond_pickaxe":1,"minecraft:stick":212,"minecraft:iron_ingot":5,"minecraft:iron_pickaxe":1,"minecraft:wooden_axe":2,"minecraft:stone_sword":1,"minecraft:white_bed":1,"minecraft:acacia_planks":236,"minecraft:torch":104},"minecraft:killed":{"minecraft:spider":5,"minecraft:pig":3,"minecraft:sheep":10,"minecraft:zombie":8,"minecraft:cow":6,"minecraft:enderman":1},"minecraft:killed_by":{"minecraft:player":1},"minecraft:mined":{"minecraft:tuff":29,"minecraft:white_bed":3,"minecraft:deepslate_diamond_ore":20,"minecraft:brewing_stand":1,"minecraft:acacia_log":62,"minecraft:grass_block":151,"minecraft:cartography_table":1,"minecraft:oxeye_daisy":1,"minecraft:hay_block":5,"minecraft:furnace":3,"minecraft:carrots":21,"minecraft:iron_ore":21,"minecraft:pumpkin":4,"minecraft:deepslate_lapis_ore":1,"minecraft:potatoes":16,"minecraft:deepslate_iron_ore":3,"minecraft:stone":127,"minecraft:acacia_leaves":2,"minecraft:amethyst_cluster":3,"minecraft:dandelion":3,"minecraft:crafting_table":12,"minecraft:torch":2,"minecraft:tall_grass":37,"minecraft:deepslate_gold_ore":1,"minecraft:sugar_cane":3,"minecraft:oak_planks":16,"minecraft:wall_torch":2,"minecraft:amethyst_block":2,"minecraft:wheat":39,"minecraft:lilac":4,"minecraft:yellow_bed":2,"minecraft:grass":186,"minecraft:coal_ore":73,"minecraft:oak_log":44,"minecraft:beetroots":4,"minecraft:gravel":1,"minecraft:acacia_fence":6,"minecraft:sunflower":6,"minecraft:sand":41,"minecraft:dirt":37,"minecraft:oak_leaves":84,"minecraft:deepslate":76},"minecraft:used":{"minecraft:stone_sword":171,"minecraft:stone_shovel":208,"minecraft:chest":4,"minecraft:iron_sword":42,"minecraft:stone_hoe":21,"minecraft:rotten_flesh":2,"minecraft:torch":102,"minecraft:dirt":140,"minecraft:tuff":7,"minecraft:wooden_axe":38,"minecraft:furnace":5,"minecraft:oak_sapling":3,"minecraft:acacia_fence":38,"minecraft:egg":1,"minecraft:acacia_planks":1,"minecraft:cooked_beef":9,"minecraft:cobbled_deepslate":38,"minecraft:wheat_seeds":20,"minecraft:cooked_mutton":11,"minecraft:acacia_boat":1,"minecraft:stone_pickaxe":158,"minecraft:oak_planks":146,"minecraft:ender_pearl":1,"minecraft:wooden_pickaxe":24,"minecraft:sugar_cane":6,"minecraft:sand":14,"minecraft:crafting_table":13,"minecraft:white_bed":3,"minecraft:diamond_pickaxe":128,"minecraft:iron_pickaxe":85,"minecraft:gravel":1,"minecraft:stone_axe":225,"minecraft:cobblestone":1,"minecraft:cooked_porkchop":9,"minecraft:bone_meal":6}},"DataVersion":3105}