{"stats":{"minecraft:dropped":{"minecraft:stone_shovel":1},"minecraft:used":{"minecraft:glow_berries":2},"minecraft:crafted":{"minecraft:torch":84,"minecraft:iron_shovel":1,"minecraft:iron_axe":1,"minecraft:spruce_planks":8,"minecraft:stick":16,"minecraft:bow":1},"minecraft:custom":{"minecraft:jump":25,"minecraft:open_chest":9,"minecraft:time_since_rest":2967,"minecraft:walk_on_water_one_cm":183,"minecraft:sprint_one_cm":4077,"minecraft:play_time":2967,"minecraft:damage_taken":80,"minecraft:time_since_death":2967,"minecraft:walk_one_cm":4354,"minecraft:walk_under_water_one_cm":63,"minecraft:total_world_time":2967,"minecraft:swim_one_cm":1171,"minecraft:drop":1,"minecraft:interact_with_crafting_table":4,"minecraft:fall_one_cm":2534,"minecraft:fly_one_cm":8988}},"DataVersion":3105}