{"stats":{"minecraft:killed":{"minecraft:cave_spider":1,"minecraft:pig":4,"minecraft:salmon":14,"minecraft:spider":2,"minecraft:cod":7,"minecraft:creeper":4,"minecraft:sheep":1,"minecraft:skeleton":12,"minecraft:zombie":15,"minecraft:chicken":2,"minecraft:cow":3},"minecraft:dropped":{"minecraft:gravel":71,"minecraft:kelp":15,"minecraft:porkchop":2,"minecraft:cobbled_deepslate":3,"minecraft:bowl":4,"minecraft:tuff":2,"minecraft:oak_fence":1,"minecraft:stone_shovel":1,"minecraft:cobblestone":8,"minecraft:rotten_flesh":3,"minecraft:granite":2,"minecraft:spruce_door":1,"minecraft:mushroom_stew":5,"minecraft:spruce_boat":1,"minecraft:diorite":1,"minecraft:torch":1,"minecraft:spruce_trapdoor":1,"minecraft:mutton":1,"minecraft:bone_meal":2,"minecraft:bow":1,"minecraft:iron_pickaxe":2,"minecraft:redstone":25},"minecraft:used":{"minecraft:cooked_mutton":1,"minecraft:water_bucket":61,"minecraft:spruce_door":1,"minecraft:iron_shovel":99,"minecraft:oak_planks":28,"minecraft:spruce_planks":112,"minecraft:iron_sword":81,"minecraft:diamond_axe":21,"minecraft:cooked_salmon":12,"minecraft:cooked_chicken":5,"minecraft:torch":283,"minecraft:glow_berries":2,"minecraft:crafting_table":6,"minecraft:mushroom_stew":3,"minecraft:smoker":2,"minecraft:spruce_boat":2,"minecraft:iron_axe":160,"minecraft:bread":1,"minecraft:iron_pickaxe":195,"minecraft:bow":4,"minecraft:cooked_porkchop":3,"minecraft:bucket":62,"minecraft:cooked_beef":2,"minecraft:cobbled_deepslate":28},"minecraft:crafted":{"minecraft:cooked_beef":6,"minecraft:cooked_cod":7,"minecraft:oak_planks":28,"minecraft:cooked_porkchop":3,"minecraft:diamond_axe":1,"minecraft:crafting_table":6,"minecraft:spruce_planks":376,"minecraft:spruce_door":3,"minecraft:furnace":1,"minecraft:cooked_salmon":13,"minecraft:bucket":1,"minecraft:cooked_mutton":1,"minecraft:air":0,"minecraft:bow":1,"minecraft:iron_axe":1,"minecraft:stick":160,"minecraft:iron_shovel":1,"minecraft:spruce_boat":3,"minecraft:torch":280,"minecraft:smoker":1},"minecraft:custom":{"minecraft:mob_kills":65,"minecraft:interact_with_crafting_table":12,"minecraft:interact_with_grindstone":1,"minecraft:time_since_death":80967,"minecraft:time_since_rest":80967,"minecraft:sprint_one_cm":274460,"minecraft:damage_taken":1525,"minecraft:walk_one_cm":234964,"minecraft:drop":55,"minecraft:damage_dealt":8412,"minecraft:swim_one_cm":50037,"minecraft:fly_one_cm":377262,"minecraft:open_chest":13,"minecraft:crouch_one_cm":9097,"minecraft:play_time":80967,"minecraft:sneak_time":3225,"minecraft:walk_under_water_one_cm":33525,"minecraft:boat_one_cm":18368,"minecraft:jump":2114,"minecraft:walk_on_water_one_cm":29450,"minecraft:total_world_time":80967,"minecraft:interact_with_smoker":10,"minecraft:fall_one_cm":65556},"minecraft:picked_up":{"minecraft:salmon":13,"minecraft:leather":1,"minecraft:smoker":2,"minecraft:flint":14,"minecraft:tuff":5,"minecraft:oak_log":7,"minecraft:string":37,"minecraft:bone":9,"minecraft:kelp":15,"minecraft:bow":1,"minecraft:spruce_planks":6,"minecraft:cobbled_deepslate":32,"minecraft:raw_gold":1,"minecraft:beef":6,"minecraft:iron_pickaxe":1,"minecraft:spruce_trapdoor":1,"minecraft:raw_iron":55,"minecraft:oak_fence":1,"minecraft:torch":5,"minecraft:bowl":1,"minecraft:gravel":80,"minecraft:porkchop":5,"minecraft:diorite":1,"minecraft:spruce_log":62,"minecraft:redstone":25,"minecraft:spruce_door":1,"minecraft:arrow":9,"minecraft:rotten_flesh":3,"minecraft:diamond":8,"minecraft:granite":2,"minecraft:bone_meal":2,"minecraft:cod":7,"minecraft:mutton":2,"minecraft:coal":50,"minecraft:cobblestone":16,"minecraft:white_wool":1},"minecraft:mined":{"minecraft:deepslate_redstone_ore":6,"minecraft:tuff":7,"minecraft:spruce_planks":6,"minecraft:deepslate_diamond_ore":8,"minecraft:kelp_plant":4,"minecraft:smoker":2,"minecraft:spruce_door":1,"minecraft:torch":2,"minecraft:spruce_trapdoor":1,"minecraft:granite":2,"minecraft:cobblestone":9,"minecraft:deepslate_gold_ore":1,"minecraft:diorite":3,"minecraft:spawner":1,"minecraft:seagrass":1,"minecraft:fire":8,"minecraft:cobbled_deepslate":1,"minecraft:iron_ore":21,"minecraft:sweet_berry_bush":1,"minecraft:spruce_log":63,"minecraft:oak_log":7,"minecraft:coal_ore":55,"minecraft:deepslate_iron_ore":34,"minecraft:gravel":101,"minecraft:cobweb":38,"minecraft:stone":4,"minecraft:deepslate":38},"minecraft:broken":{"minecraft:iron_axe":1}},"DataVersion":3105}