{"stats":{"minecraft:killed":{"minecraft:zombie":1,"minecraft:salmon":14,"minecraft:spider":1,"minecraft:cod":7},"minecraft:dropped":{"minecraft:kelp":15,"minecraft:spruce_trapdoor":1,"minecraft:stone_shovel":1,"minecraft:cobblestone":1,"minecraft:rotten_flesh":1,"minecraft:bone_meal":2,"minecraft:spruce_door":1},"minecraft:used":{"minecraft:iron_shovel":1,"minecraft:iron_axe":73,"minecraft:bread":1,"minecraft:iron_pickaxe":19,"minecraft:spruce_planks":9,"minecraft:iron_sword":26,"minecraft:glow_berries":2,"minecraft:crafting_table":2,"minecraft:bucket":1,"minecraft:cooked_beef":2,"minecraft:smoker":1},"minecraft:crafted":{"minecraft:cooked_cod":7,"minecraft:bow":1,"minecraft:iron_axe":1,"minecraft:crafting_table":2,"minecraft:spruce_planks":32,"minecraft:stick":16,"minecraft:iron_shovel":1,"minecraft:furnace":1,"minecraft:cooked_salmon":13,"minecraft:bucket":1,"minecraft:torch":84,"minecraft:air":0,"minecraft:smoker":1},"minecraft:custom":{"minecraft:time_since_rest":14967,"minecraft:sprint_one_cm":31128,"minecraft:damage_taken":177,"minecraft:walk_one_cm":28636,"minecraft:mob_kills":23,"minecraft:drop":22,"minecraft:damage_dealt":990,"minecraft:swim_one_cm":36464,"minecraft:interact_with_crafting_table":8,"minecraft:fly_one_cm":54722,"minecraft:open_chest":11,"minecraft:crouch_one_cm":642,"minecraft:play_time":14967,"minecraft:sneak_time":250,"minecraft:walk_under_water_one_cm":19575,"minecraft:jump":258,"minecraft:interact_with_grindstone":1,"minecraft:walk_on_water_one_cm":5876,"minecraft:time_since_death":14967,"minecraft:interact_with_smoker":4,"minecraft:total_world_time":14967,"minecraft:fall_one_cm":10390},"minecraft:picked_up":{"minecraft:salmon":13,"minecraft:torch":1,"minecraft:gravel":1,"minecraft:smoker":1,"minecraft:spruce_log":62,"minecraft:spruce_door":1,"minecraft:rotten_flesh":1,"minecraft:kelp":15,"minecraft:granite":2,"minecraft:bone_meal":2,"minecraft:coal":5,"minecraft:spruce_trapdoor":1,"minecraft:cod":7,"minecraft:cobblestone":11},"minecraft:mined":{"minecraft:seagrass":1,"minecraft:kelp_plant":4,"minecraft:smoker":1,"minecraft:sweet_berry_bush":1,"minecraft:spruce_log":63,"minecraft:spruce_door":1,"minecraft:spruce_trapdoor":1,"minecraft:torch":1,"minecraft:granite":2,"minecraft:coal_ore":5,"minecraft:gravel":1,"minecraft:cobblestone":9,"minecraft:stone":2}},"DataVersion":3105}