{"stats":{"minecraft:killed":{"minecraft:pig":4,"minecraft:salmon":14,"minecraft:spider":1,"minecraft:cod":7,"minecraft:creeper":1,"minecraft:sheep":1,"minecraft:skeleton":2,"minecraft:zombie":4,"minecraft:chicken":2,"minecraft:cow":3},"minecraft:dropped":{"minecraft:gravel":1,"minecraft:kelp":15,"minecraft:bowl":1,"minecraft:stone_shovel":1,"minecraft:cobblestone":3,"minecraft:rotten_flesh":1,"minecraft:granite":2,"minecraft:spruce_door":1,"minecraft:mushroom_stew":5,"minecraft:spruce_trapdoor":1,"minecraft:mutton":1,"minecraft:bone_meal":2},"minecraft:used":{"minecraft:water_bucket":9,"minecraft:iron_shovel":1,"minecraft:spruce_planks":12,"minecraft:iron_sword":26,"minecraft:torch":8,"minecraft:glow_berries":2,"minecraft:crafting_table":4,"minecraft:mushroom_stew":3,"minecraft:smoker":2,"minecraft:spruce_boat":2,"minecraft:iron_axe":101,"minecraft:bread":1,"minecraft:iron_pickaxe":20,"minecraft:bucket":10,"minecraft:cooked_beef":2},"minecraft:crafted":{"minecraft:cooked_beef":6,"minecraft:cooked_cod":7,"minecraft:cooked_porkchop":3,"minecraft:crafting_table":4,"minecraft:spruce_planks":56,"minecraft:furnace":1,"minecraft:cooked_salmon":13,"minecraft:bucket":1,"minecraft:cooked_mutton":1,"minecraft:air":0,"minecraft:bow":1,"minecraft:iron_axe":1,"minecraft:stick":16,"minecraft:iron_shovel":1,"minecraft:spruce_boat":3,"minecraft:torch":84,"minecraft:smoker":1},"minecraft:custom":{"minecraft:mob_kills":39,"minecraft:interact_with_crafting_table":10,"minecraft:interact_with_grindstone":1,"minecraft:time_since_death":26967,"minecraft:time_since_rest":26967,"minecraft:sprint_one_cm":79395,"minecraft:damage_taken":318,"minecraft:walk_one_cm":58187,"minecraft:drop":34,"minecraft:damage_dealt":3141,"minecraft:swim_one_cm":48396,"minecraft:fly_one_cm":123716,"minecraft:open_chest":12,"minecraft:crouch_one_cm":878,"minecraft:play_time":26967,"minecraft:sneak_time":301,"minecraft:walk_under_water_one_cm":26526,"minecraft:boat_one_cm":18368,"minecraft:jump":594,"minecraft:walk_on_water_one_cm":9773,"minecraft:total_world_time":26967,"minecraft:interact_with_smoker":10,"minecraft:fall_one_cm":20543},"minecraft:mined":{"minecraft:kelp_plant":4,"minecraft:smoker":2,"minecraft:spruce_door":1,"minecraft:torch":1,"minecraft:spruce_trapdoor":1,"minecraft:granite":2,"minecraft:cobblestone":9,"minecraft:seagrass":1,"minecraft:sweet_berry_bush":1,"minecraft:spruce_log":63,"minecraft:coal_ore":5,"minecraft:gravel":1,"minecraft:stone":2},"minecraft:picked_up":{"minecraft:salmon":13,"minecraft:leather":1,"minecraft:smoker":2,"minecraft:bone":1,"minecraft:kelp":15,"minecraft:beef":6,"minecraft:spruce_trapdoor":1,"minecraft:torch":1,"minecraft:bowl":1,"minecraft:gravel":1,"minecraft:porkchop":5,"minecraft:spruce_log":62,"minecraft:spruce_door":1,"minecraft:arrow":2,"minecraft:rotten_flesh":1,"minecraft:granite":2,"minecraft:bone_meal":2,"minecraft:cod":7,"minecraft:mutton":2,"minecraft:coal":5,"minecraft:cobblestone":11,"minecraft:white_wool":1}},"DataVersion":3105}