{"stats":{"minecraft:killed":{"minecraft:pig":4,"minecraft:salmon":14,"minecraft:spider":2,"minecraft:cod":7,"minecraft:creeper":2,"minecraft:sheep":1,"minecraft:skeleton":9,"minecraft:zombie":12,"minecraft:chicken":2,"minecraft:cow":3},"minecraft:dropped":{"minecraft:gravel":1,"minecraft:kelp":15,"minecraft:porkchop":2,"minecraft:cobbled_deepslate":2,"minecraft:bowl":4,"minecraft:tuff":1,"minecraft:stone_shovel":1,"minecraft:cobblestone":7,"minecraft:rotten_flesh":3,"minecraft:granite":2,"minecraft:spruce_door":1,"minecraft:mushroom_stew":5,"minecraft:spruce_boat":1,"minecraft:diorite":1,"minecraft:torch":1,"minecraft:spruce_trapdoor":1,"minecraft:mutton":1,"minecraft:bone_meal":2,"minecraft:iron_pickaxe":2},"minecraft:used":{"minecraft:cooked_mutton":1,"minecraft:water_bucket":45,"minecraft:iron_shovel":1,"minecraft:spruce_planks":25,"minecraft:iron_sword":39,"minecraft:cooked_salmon":2,"minecraft:cooked_chicken":5,"minecraft:torch":250,"minecraft:glow_berries":2,"minecraft:crafting_table":4,"minecraft:mushroom_stew":3,"minecraft:smoker":2,"minecraft:spruce_boat":2,"minecraft:iron_axe":144,"minecraft:bread":1,"minecraft:iron_pickaxe":182,"minecraft:cooked_porkchop":3,"minecraft:bucket":46,"minecraft:cooked_beef":2,"minecraft:cobbled_deepslate":12},"minecraft:crafted":{"minecraft:cooked_beef":6,"minecraft:cooked_cod":7,"minecraft:cooked_porkchop":3,"minecraft:crafting_table":4,"minecraft:spruce_planks":140,"minecraft:furnace":1,"minecraft:cooked_salmon":13,"minecraft:bucket":1,"minecraft:cooked_mutton":1,"minecraft:air":0,"minecraft:bow":1,"minecraft:iron_axe":1,"minecraft:stick":160,"minecraft:iron_shovel":1,"minecraft:spruce_boat":3,"minecraft:torch":280,"minecraft:smoker":1},"minecraft:custom":{"minecraft:mob_kills":56,"minecraft:interact_with_crafting_table":10,"minecraft:interact_with_grindstone":1,"minecraft:time_since_death":62967,"minecraft:time_since_rest":62967,"minecraft:sprint_one_cm":221825,"minecraft:damage_taken":795,"minecraft:walk_one_cm":167814,"minecraft:drop":46,"minecraft:damage_dealt":7228,"minecraft:swim_one_cm":50037,"minecraft:fly_one_cm":310655,"minecraft:open_chest":13,"minecraft:crouch_one_cm":6166,"minecraft:play_time":62967,"minecraft:sneak_time":2144,"minecraft:walk_under_water_one_cm":31457,"minecraft:boat_one_cm":18368,"minecraft:jump":1700,"minecraft:walk_on_water_one_cm":25057,"minecraft:total_world_time":62967,"minecraft:interact_with_smoker":10,"minecraft:fall_one_cm":53385},"minecraft:picked_up":{"minecraft:salmon":13,"minecraft:leather":1,"minecraft:smoker":2,"minecraft:tuff":2,"minecraft:bone":6,"minecraft:kelp":15,"minecraft:cobbled_deepslate":28,"minecraft:raw_gold":1,"minecraft:beef":6,"minecraft:iron_pickaxe":1,"minecraft:spruce_trapdoor":1,"minecraft:raw_iron":55,"minecraft:torch":4,"minecraft:bowl":1,"minecraft:gravel":1,"minecraft:porkchop":5,"minecraft:diorite":1,"minecraft:spruce_log":62,"minecraft:redstone":25,"minecraft:spruce_door":1,"minecraft:arrow":6,"minecraft:rotten_flesh":3,"minecraft:diamond":7,"minecraft:granite":2,"minecraft:bone_meal":2,"minecraft:cod":7,"minecraft:mutton":2,"minecraft:coal":50,"minecraft:cobblestone":15,"minecraft:white_wool":1},"minecraft:mined":{"minecraft:deepslate_redstone_ore":6,"minecraft:tuff":3,"minecraft:deepslate_diamond_ore":7,"minecraft:kelp_plant":4,"minecraft:smoker":2,"minecraft:spruce_door":1,"minecraft:torch":1,"minecraft:spruce_trapdoor":1,"minecraft:granite":2,"minecraft:cobblestone":9,"minecraft:deepslate_gold_ore":1,"minecraft:diorite":3,"minecraft:seagrass":1,"minecraft:iron_ore":21,"minecraft:sweet_berry_bush":1,"minecraft:spruce_log":63,"minecraft:coal_ore":55,"minecraft:deepslate_iron_ore":34,"minecraft:gravel":1,"minecraft:stone":4,"minecraft:deepslate":34}},"DataVersion":3105}