{"stats":{"minecraft:killed":{"minecraft:pig":4,"minecraft:salmon":14,"minecraft:spider":2,"minecraft:cod":7,"minecraft:creeper":2,"minecraft:sheep":1,"minecraft:skeleton":2,"minecraft:zombie":12,"minecraft:chicken":2,"minecraft:cow":3},"minecraft:dropped":{"minecraft:gravel":1,"minecraft:kelp":15,"minecraft:porkchop":2,"minecraft:cobbled_deepslate":2,"minecraft:bowl":4,"minecraft:tuff":1,"minecraft:stone_shovel":1,"minecraft:cobblestone":7,"minecraft:rotten_flesh":3,"minecraft:granite":2,"minecraft:spruce_door":1,"minecraft:mushroom_stew":5,"minecraft:spruce_boat":1,"minecraft:diorite":1,"minecraft:torch":1,"minecraft:spruce_trapdoor":1,"minecraft:mutton":1,"minecraft:bone_meal":2,"minecraft:iron_pickaxe":2},"minecraft:used":{"minecraft:water_bucket":26,"minecraft:iron_shovel":1,"minecraft:spruce_planks":25,"minecraft:iron_sword":26,"minecraft:cooked_chicken":2,"minecraft:torch":188,"minecraft:glow_berries":2,"minecraft:crafting_table":4,"minecraft:mushroom_stew":3,"minecraft:smoker":2,"minecraft:spruce_boat":2,"minecraft:iron_axe":135,"minecraft:bread":1,"minecraft:iron_pickaxe":171,"minecraft:cooked_porkchop":3,"minecraft:bucket":27,"minecraft:cooked_beef":2},"minecraft:crafted":{"minecraft:cooked_beef":6,"minecraft:cooked_cod":7,"minecraft:cooked_porkchop":3,"minecraft:crafting_table":4,"minecraft:spruce_planks":80,"minecraft:furnace":1,"minecraft:cooked_salmon":13,"minecraft:bucket":1,"minecraft:cooked_mutton":1,"minecraft:air":0,"minecraft:bow":1,"minecraft:iron_axe":1,"minecraft:stick":40,"minecraft:iron_shovel":1,"minecraft:spruce_boat":3,"minecraft:torch":216,"minecraft:smoker":1},"minecraft:custom":{"minecraft:mob_kills":49,"minecraft:interact_with_crafting_table":10,"minecraft:interact_with_grindstone":1,"minecraft:time_since_death":50967,"minecraft:time_since_rest":50967,"minecraft:sprint_one_cm":169672,"minecraft:damage_taken":504,"minecraft:walk_one_cm":131096,"minecraft:drop":46,"minecraft:damage_dealt":5923,"minecraft:swim_one_cm":49896,"minecraft:fly_one_cm":240002,"minecraft:open_chest":13,"minecraft:crouch_one_cm":4425,"minecraft:play_time":50967,"minecraft:sneak_time":1514,"minecraft:walk_under_water_one_cm":30102,"minecraft:boat_one_cm":18368,"minecraft:jump":1271,"minecraft:walk_on_water_one_cm":18693,"minecraft:total_world_time":50967,"minecraft:interact_with_smoker":10,"minecraft:fall_one_cm":39412},"minecraft:picked_up":{"minecraft:salmon":13,"minecraft:leather":1,"minecraft:smoker":2,"minecraft:tuff":2,"minecraft:bone":1,"minecraft:kelp":15,"minecraft:cobbled_deepslate":22,"minecraft:raw_gold":1,"minecraft:beef":6,"minecraft:iron_pickaxe":1,"minecraft:spruce_trapdoor":1,"minecraft:raw_iron":55,"minecraft:torch":3,"minecraft:bowl":1,"minecraft:gravel":1,"minecraft:porkchop":5,"minecraft:diorite":1,"minecraft:spruce_log":62,"minecraft:redstone":25,"minecraft:spruce_door":1,"minecraft:arrow":2,"minecraft:rotten_flesh":3,"minecraft:diamond":3,"minecraft:granite":2,"minecraft:bone_meal":2,"minecraft:cod":7,"minecraft:mutton":2,"minecraft:coal":50,"minecraft:cobblestone":15,"minecraft:white_wool":1},"minecraft:mined":{"minecraft:deepslate_redstone_ore":6,"minecraft:tuff":2,"minecraft:deepslate_diamond_ore":3,"minecraft:kelp_plant":4,"minecraft:smoker":2,"minecraft:spruce_door":1,"minecraft:torch":1,"minecraft:spruce_trapdoor":1,"minecraft:granite":2,"minecraft:cobblestone":9,"minecraft:deepslate_gold_ore":1,"minecraft:diorite":3,"minecraft:seagrass":1,"minecraft:iron_ore":21,"minecraft:sweet_berry_bush":1,"minecraft:spruce_log":63,"minecraft:coal_ore":55,"minecraft:deepslate_iron_ore":34,"minecraft:gravel":1,"minecraft:stone":4,"minecraft:deepslate":28}},"DataVersion":3105}