{"stats":{"minecraft:picked_up":{"minecraft:cooked_beef":4,"minecraft:crafting_table":12,"minecraft:feather":2,"minecraft:chicken":1,"minecraft:andesite":15,"minecraft:salmon":2,"minecraft:oak_log":32,"minecraft:string":2,"minecraft:dirt":496,"minecraft:cooked_salmon":4,"minecraft:acacia_planks":39,"minecraft:wheat_seeds":31,"minecraft:raw_gold":2,"minecraft:stone_pickaxe":3,"minecraft:coal_block":13,"minecraft:acacia_sapling":30,"minecraft:furnace":4,"minecraft:stick":12,"minecraft:raw_iron":183,"minecraft:oak_door":2,"minecraft:torch":13,"minecraft:acacia_log":186,"minecraft:porkchop":6,"minecraft:diorite":37,"minecraft:acacia_stairs":11,"minecraft:orange_bed":3,"minecraft:arrow":4,"minecraft:rotten_flesh":18,"minecraft:stone_axe":1,"minecraft:granite":21,"minecraft:bone_meal":1,"minecraft:emerald":2,"minecraft:oak_sapling":1,"minecraft:acacia_slab":51,"minecraft:mutton":2,"minecraft:coal":290,"minecraft:white_wool":1,"minecraft:cobblestone":301},"minecraft:broken":{"minecraft:stone_pickaxe":1,"minecraft:iron_shovel":1,"minecraft:iron_axe":1,"minecraft:iron_pickaxe":2},"minecraft:dropped":{"minecraft:stone_axe":2,"minecraft:wheat_seeds":12,"minecraft:raw_iron":10,"minecraft:feather":2,"minecraft:rotten_flesh":18,"minecraft:granite":12,"minecraft:coal_block":8,"minecraft:dirt":210,"minecraft:torch":1,"minecraft:andesite":3,"minecraft:oak_sapling":1,"minecraft:acacia_sapling":3,"minecraft:stone_pickaxe":6,"minecraft:string":1},"minecraft:custom":{"minecraft:interact_with_furnace":50,"minecraft:mob_kills":26,"minecraft:interact_with_crafting_table":38,"minecraft:leave_game":1,"minecraft:time_since_death":113556,"minecraft:sleep_in_bed":5,"minecraft:time_since_rest":98,"minecraft:sprint_one_cm":163079,"minecraft:damage_taken":440,"minecraft:walk_one_cm":456018,"minecraft:damage_blocked_by_shield":140,"minecraft:drop":54,"minecraft:damage_dealt":4166,"minecraft:swim_one_cm":14463,"minecraft:fly_one_cm":163696,"minecraft:open_chest":8,"minecraft:crouch_one_cm":11183,"minecraft:play_time":113556,"minecraft:sneak_time":2822,"minecraft:walk_under_water_one_cm":13995,"minecraft:jump":1402,"minecraft:walk_on_water_one_cm":8030,"minecraft:total_world_time":113556,"minecraft:fall_one_cm":25788},"minecraft:crafted":{"minecraft:coal_block":22,"minecraft:oak_door":3,"minecraft:oak_planks":128,"minecraft:coal":27,"minecraft:cooked_porkchop":6,"minecraft:crafting_table":7,"minecraft:acacia_slab":222,"minecraft:wooden_pickaxe":1,"minecraft:iron_helmet":1,"minecraft:cooked_chicken":1,"minecraft:furnace":2,"minecraft:cooked_salmon":2,"minecraft:stone":78,"minecraft:bucket":2,"minecraft:acacia_stairs":60,"minecraft:stone_axe":1,"minecraft:air":0,"minecraft:iron_chestplate":1,"minecraft:iron_boots":1,"minecraft:shield":1,"minecraft:iron_axe":2,"minecraft:iron_hoe":1,"minecraft:stick":96,"minecraft:iron_ingot":115,"minecraft:iron_pickaxe":4,"minecraft:stone_pickaxe":4,"minecraft:wooden_axe":1,"minecraft:chest":4,"minecraft:acacia_door":3,"minecraft:iron_shovel":2,"minecraft:iron_leggings":1,"minecraft:acacia_planks":480,"minecraft:torch":292,"minecraft:stone_bricks":64,"minecraft:shears":1},"minecraft:killed":{"minecraft:pig":2,"minecraft:zombie_villager":1,"minecraft:salmon":2,"minecraft:spider":1,"minecraft:sheep":1,"minecraft:skeleton":4,"minecraft:zombie":13,"minecraft:chicken":1},"minecraft:mined":{"minecraft:acacia_leaves":32,"minecraft:oak_door":2,"minecraft:crafting_table":12,"minecraft:granite":22,"minecraft:emerald_ore":2,"minecraft:acacia_log":187,"minecraft:grass_block":363,"minecraft:tall_grass":3,"minecraft:cobblestone":6,"minecraft:acacia_slab":45,"minecraft:diorite":37,"minecraft:wall_torch":8,"minecraft:furnace":4,"minecraft:iron_ore":131,"minecraft:acacia_stairs":12,"minecraft:andesite":15,"minecraft:grass":181,"minecraft:coal_ore":290,"minecraft:oak_log":32,"minecraft:dirt":144,"minecraft:acacia_planks":39,"minecraft:stone":296,"minecraft:oak_leaves":3,"minecraft:orange_bed":2},"minecraft:used":{"minecraft:diorite":19,"minecraft:acacia_log":66,"minecraft:iron_shovel":510,"minecraft:stone_pickaxe":249,"minecraft:oak_planks":25,"minecraft:chest":4,"minecraft:shield":4,"minecraft:wooden_pickaxe":6,"minecraft:stone":12,"minecraft:cooked_salmon":4,"minecraft:cooked_chicken":1,"minecraft:oak_door":3,"minecraft:orange_bed":3,"minecraft:torch":261,"minecraft:dirt":241,"minecraft:crafting_table":19,"minecraft:acacia_sapling":1,"minecraft:granite":9,"minecraft:iron_hoe":154,"minecraft:wooden_axe":1,"minecraft:acacia_stairs":62,"minecraft:acacia_door":2,"minecraft:iron_axe":393,"minecraft:acacia_slab":263,"minecraft:iron_pickaxe":550,"minecraft:stone_axe":25,"minecraft:cobblestone":64,"minecraft:cooked_porkchop":6,"minecraft:furnace":6,"minecraft:andesite":12,"minecraft:acacia_planks":289}},"DataVersion":3105}