{"stats":{"minecraft:used":{"minecraft:spruce_sapling":1},"minecraft:custom":{"minecraft:jump":60,"minecraft:leave_game":1,"minecraft:time_since_rest":2440,"minecraft:walk_on_water_one_cm":98,"minecraft:damage_taken":20,"minecraft:crouch_one_cm":220,"minecraft:sprint_one_cm":5082,"minecraft:play_time":2440,"minecraft:time_since_death":2440,"minecraft:walk_one_cm":2700,"minecraft:sneak_time":42,"minecraft:total_world_time":2440,"minecraft:walk_under_water_one_cm":342,"minecraft:swim_one_cm":2967,"minecraft:fall_one_cm":2479,"minecraft:fly_one_cm":12095},"minecraft:picked_up":{"minecraft:spruce_sapling":1,"minecraft:spruce_log":7},"minecraft:mined":{"minecraft:fire":1,"minecraft:spruce_leaves":11,"minecraft:spruce_log":7}},"DataVersion":3105}