{"stats":{"minecraft:picked_up":{"minecraft:crafting_table":3,"minecraft:wheat":2,"minecraft:andesite":23,"minecraft:leather":8,"minecraft:wooden_pickaxe":1,"minecraft:tuff":7,"minecraft:shield":1,"minecraft:gunpowder":2,"minecraft:dirt":145,"minecraft:string":4,"minecraft:cooked_mutton":3,"minecraft:bone":9,"minecraft:acacia_planks":33,"minecraft:bow":1,"minecraft:wheat_seeds":80,"minecraft:cobbled_deepslate":193,"minecraft:iron_ingot":3,"minecraft:beef":7,"minecraft:stone_pickaxe":2,"minecraft:iron_pickaxe":1,"minecraft:coal_block":8,"minecraft:acacia_sapling":4,"minecraft:egg":2,"minecraft:stick":1,"minecraft:raw_iron":36,"minecraft:cooked_porkchop":7,"minecraft:pumpkin":7,"minecraft:torch":11,"minecraft:acacia_log":62,"minecraft:raw_iron_block":1,"minecraft:gravel":2,"minecraft:porkchop":8,"minecraft:diorite":15,"minecraft:white_bed":2,"minecraft:redstone":12,"minecraft:orange_bed":3,"minecraft:arrow":4,"minecraft:rotten_flesh":8,"minecraft:diamond":9,"minecraft:granite":4,"minecraft:bread":6,"minecraft:melon_seeds":4,"minecraft:mutton":5,"minecraft:coal":135,"minecraft:white_wool":4,"minecraft:cobblestone":241,"minecraft:diamond_pickaxe":1},"minecraft:broken":{"minecraft:stone_pickaxe":1,"minecraft:iron_pickaxe":1,"minecraft:wooden_axe":1,"minecraft:stone_shovel":1},"minecraft:dropped":{"minecraft:iron_ingot":2,"minecraft:bread":1,"minecraft:cobblestone":11,"minecraft:white_bed":1,"minecraft:coal_block":8,"minecraft:torch":21,"minecraft:diamond_pickaxe":3,"minecraft:acacia_sapling":3,"minecraft:stone_pickaxe":1,"minecraft:iron_pickaxe":2,"minecraft:orange_bed":1,"minecraft:acacia_planks":15},"minecraft:custom":{"minecraft:interact_with_furnace":29,"minecraft:mob_kills":26,"minecraft:interact_with_crafting_table":22,"minecraft:leave_game":2,"minecraft:time_since_death":77432,"minecraft:sleep_in_bed":4,"minecraft:time_since_rest":0,"minecraft:sprint_one_cm":152282,"minecraft:damage_taken":1900,"minecraft:walk_one_cm":356400,"minecraft:damage_blocked_by_shield":515,"minecraft:drop":44,"minecraft:damage_dealt":4548,"minecraft:swim_one_cm":32653,"minecraft:fly_one_cm":423283,"minecraft:open_chest":6,"minecraft:crouch_one_cm":43396,"minecraft:play_time":132354,"minecraft:sneak_time":14501,"minecraft:deaths":1,"minecraft:walk_under_water_one_cm":20820,"minecraft:jump":3068,"minecraft:walk_on_water_one_cm":32564,"minecraft:total_world_time":132354,"minecraft:fall_one_cm":96717},"minecraft:crafted":{"minecraft:cooked_beef":4,"minecraft:stone_shovel":1,"minecraft:cooked_porkchop":11,"minecraft:crafting_table":2,"minecraft:iron_helmet":1,"minecraft:wooden_pickaxe":1,"minecraft:iron_sword":1,"minecraft:furnace":1,"minecraft:bone_meal":6,"minecraft:stone_axe":1,"minecraft:cooked_mutton":2,"minecraft:air":0,"minecraft:iron_boots":1,"minecraft:iron_chestplate":1,"minecraft:diamond_pickaxe":3,"minecraft:shield":1,"minecraft:iron_axe":1,"minecraft:stick":56,"minecraft:iron_ingot":44,"minecraft:iron_pickaxe":3,"minecraft:stone_pickaxe":1,"minecraft:wooden_axe":1,"minecraft:chest":1,"minecraft:iron_leggings":1,"minecraft:white_bed":1,"minecraft:acacia_planks":212,"minecraft:torch":100,"minecraft:stone_hoe":1},"minecraft:killed":{"minecraft:pig":4,"minecraft:spider":1,"minecraft:creeper":1,"minecraft:sheep":4,"minecraft:skeleton":4,"minecraft:zombie":6,"minecraft:cow":5},"minecraft:mined":{"minecraft:deepslate_redstone_ore":3,"minecraft:tuff":7,"minecraft:acacia_leaves":16,"minecraft:white_bed":1,"minecraft:deepslate_diamond_ore":9,"minecraft:melon_stem":4,"minecraft:crafting_table":3,"minecraft:torch":1,"minecraft:granite":6,"minecraft:acacia_log":63,"minecraft:grass_block":51,"minecraft:tall_grass":30,"minecraft:cobblestone":8,"minecraft:diorite":15,"minecraft:iron_ore":13,"minecraft:wheat":44,"minecraft:andesite":24,"minecraft:pumpkin":6,"minecraft:grass":338,"minecraft:coal_ore":139,"minecraft:deepslate_iron_ore":10,"minecraft:dirt":66,"minecraft:acacia_planks":2,"minecraft:stone":131,"minecraft:deepslate":191,"minecraft:orange_bed":3},"minecraft:used":{"minecraft:cooked_mutton":5,"minecraft:wheat_seeds":21,"minecraft:stone_pickaxe":141,"minecraft:stone_shovel":117,"minecraft:chest":1,"minecraft:wooden_pickaxe":55,"minecraft:shield":17,"minecraft:iron_sword":78,"minecraft:stone_hoe":137,"minecraft:orange_bed":2,"minecraft:torch":35,"minecraft:dirt":37,"minecraft:crafting_table":5,"minecraft:white_bed":1,"minecraft:acacia_sapling":1,"minecraft:wooden_axe":105,"minecraft:diamond_pickaxe":256,"minecraft:iron_axe":11,"minecraft:bread":5,"minecraft:iron_pickaxe":206,"minecraft:melon_seeds":4,"minecraft:stone_axe":32,"minecraft:cobblestone":162,"minecraft:bow":4,"minecraft:furnace":1,"minecraft:cooked_porkchop":11,"minecraft:cooked_beef":4,"minecraft:cobbled_deepslate":10,"minecraft:acacia_planks":137,"minecraft:bone_meal":1}},"DataVersion":3105}