{"stats":{"minecraft:killed":{"minecraft:skeleton":1},"minecraft:dropped":{"minecraft:wheat":2},"minecraft:used":{"minecraft:wheat_seeds":12,"minecraft:stone_sword":15,"minecraft:stone_shovel":135,"minecraft:bread":3,"minecraft:stone_pickaxe":25,"minecraft:chest":2,"minecraft:spruce_planks":76,"minecraft:stone_hoe":82,"minecraft:stone_axe":104,"minecraft:dirt":107,"minecraft:crafting_table":2,"minecraft:sweet_berries":3,"minecraft:potato":26,"minecraft:bone_meal":12,"minecraft:spruce_log":5,"minecraft:pumpkin_seeds":4},"minecraft:crafted":{"minecraft:stone_shovel":1,"minecraft:spruce_planks":236,"minecraft:stick":12,"minecraft:stone_pickaxe":1,"minecraft:stone_sword":1,"minecraft:chest":2,"minecraft:bone_meal":6,"minecraft:pumpkin_seeds":44,"minecraft:stone_hoe":1,"minecraft:stone_axe":2},"minecraft:custom":{"minecraft:time_since_rest":32253,"minecraft:sprint_one_cm":43594,"minecraft:damage_taken":260,"minecraft:walk_one_cm":86511,"minecraft:mob_kills":1,"minecraft:drop":1,"minecraft:damage_dealt":433,"minecraft:swim_one_cm":28233,"minecraft:interact_with_crafting_table":6,"minecraft:fly_one_cm":59317,"minecraft:open_chest":1,"minecraft:crouch_one_cm":15688,"minecraft:play_time":32253,"minecraft:sneak_time":3888,"minecraft:walk_under_water_one_cm":4879,"minecraft:jump":415,"minecraft:walk_on_water_one_cm":12572,"minecraft:time_since_death":32253,"minecraft:total_world_time":32253,"minecraft:fall_one_cm":6432},"minecraft:mined":{"minecraft:tall_seagrass":1,"minecraft:farmland":1,"minecraft:mossy_cobblestone":7,"minecraft:wheat":5,"minecraft:sweet_berry_bush":4,"minecraft:spruce_log":62,"minecraft:pumpkin":11,"minecraft:crafting_table":2,"minecraft:grass":1,"minecraft:grass_block":90,"minecraft:potatoes":6,"minecraft:sand":17,"minecraft:dirt":36,"minecraft:spruce_leaves":8,"minecraft:stone":16,"minecraft:composter":1,"minecraft:fern":4},"minecraft:picked_up":{"minecraft:crafting_table":2,"minecraft:wheat":2,"minecraft:pumpkin":11,"minecraft:sweet_berries":10,"minecraft:composter":1,"minecraft:potato":26,"minecraft:sand":17,"minecraft:spruce_sapling":8,"minecraft:spruce_log":64,"minecraft:dirt":123,"minecraft:mossy_cobblestone":6,"minecraft:bone":2,"minecraft:wheat_seeds":12,"minecraft:spruce_planks":16,"minecraft:bone_meal":6,"minecraft:bread":5,"minecraft:stone_hoe":1,"minecraft:cobblestone":28},"minecraft:broken":{"minecraft:stone_shovel":1}},"DataVersion":3105}