{"stats":{"minecraft:killed":{"minecraft:spider":1,"minecraft:skeleton":1,"minecraft:zombie":2},"minecraft:dropped":{"minecraft:wheat":2},"minecraft:killed_by":{"minecraft:skeleton":1,"minecraft:creeper":1},"minecraft:used":{"minecraft:wheat_seeds":30,"minecraft:stone_sword":82,"minecraft:stone_shovel":271,"minecraft:stone_pickaxe":34,"minecraft:spruce_planks":194,"minecraft:chest":2,"minecraft:wooden_shovel":50,"minecraft:sugar_cane":8,"minecraft:stone_hoe":138,"minecraft:dirt":284,"minecraft:sand":25,"minecraft:crafting_table":2,"minecraft:mushroom_stew":2,"minecraft:spruce_fence":20,"minecraft:spruce_log":5,"minecraft:pumpkin_seeds":48,"minecraft:bread":5,"minecraft:stone_axe":302,"minecraft:sweet_berries":19,"minecraft:potato":37,"minecraft:coarse_dirt":1,"minecraft:bone_meal":12},"minecraft:crafted":{"minecraft:wooden_shovel":1,"minecraft:stone_shovel":2,"minecraft:spruce_planks":356,"minecraft:bowl":48,"minecraft:mushroom_stew":46,"minecraft:bone_meal":6,"minecraft:pumpkin_seeds":48,"minecraft:spruce_fence":15,"minecraft:stone_axe":3,"minecraft:stick":112,"minecraft:stone_pickaxe":1,"minecraft:stone_sword":1,"minecraft:chest":2,"minecraft:stone_hoe":1},"minecraft:custom":{"minecraft:interact_with_furnace":2,"minecraft:mob_kills":4,"minecraft:interact_with_crafting_table":20,"minecraft:time_since_death":21767,"minecraft:time_since_rest":21795,"minecraft:sprint_one_cm":142681,"minecraft:damage_taken":905,"minecraft:walk_one_cm":284352,"minecraft:drop":1,"minecraft:damage_dealt":1268,"minecraft:swim_one_cm":51528,"minecraft:fly_one_cm":141618,"minecraft:open_chest":14,"minecraft:crouch_one_cm":48296,"minecraft:play_time":80253,"minecraft:deaths":2,"minecraft:sneak_time":10120,"minecraft:walk_under_water_one_cm":18182,"minecraft:jump":906,"minecraft:walk_on_water_one_cm":31782,"minecraft:total_world_time":80253,"minecraft:fall_one_cm":14564},"minecraft:picked_up":{"minecraft:iron_chestplate":1,"minecraft:crafting_table":2,"minecraft:coarse_dirt":3,"minecraft:wheat":6,"minecraft:brown_mushroom":59,"minecraft:red_mushroom":65,"minecraft:potato":38,"minecraft:gunpowder":2,"minecraft:dirt":326,"minecraft:iron_leggings":1,"minecraft:bone":2,"minecraft:wheat_seeds":33,"minecraft:spruce_planks":150,"minecraft:stone_pickaxe":2,"minecraft:wooden_shovel":2,"minecraft:moss_block":6,"minecraft:sugar_cane":8,"minecraft:stone_hoe":4,"minecraft:iron_boots":1,"minecraft:stick":96,"minecraft:pumpkin":22,"minecraft:sweet_berries":27,"minecraft:composter":3,"minecraft:oak_fence":5,"minecraft:bowl":15,"minecraft:spruce_fence":7,"minecraft:sand":55,"minecraft:spruce_sapling":20,"minecraft:ink_sac":6,"minecraft:spruce_log":94,"minecraft:spider_eye":1,"minecraft:mossy_cobblestone":21,"minecraft:pumpkin_seeds":55,"minecraft:stone_sword":2,"minecraft:rotten_flesh":2,"minecraft:stone_axe":3,"minecraft:iron_helmet":1,"minecraft:bone_meal":6,"minecraft:bread":5,"minecraft:cobblestone":39},"minecraft:mined":{"minecraft:podzol":45,"minecraft:spruce_planks":3,"minecraft:brown_mushroom":52,"minecraft:farmland":2,"minecraft:mossy_cobblestone":16,"minecraft:crafting_table":2,"minecraft:spruce_fence":6,"minecraft:grass_block":194,"minecraft:mushroom_stem":14,"minecraft:spruce_leaves":24,"minecraft:sugar_cane":3,"minecraft:composter":1,"minecraft:tall_seagrass":1,"minecraft:coarse_dirt":1,"minecraft:wheat":9,"minecraft:sweet_berry_bush":9,"minecraft:spruce_log":91,"minecraft:pumpkin_stem":4,"minecraft:pumpkin":22,"minecraft:grass":4,"minecraft:potatoes":9,"minecraft:sand":27,"minecraft:dirt":53,"minecraft:red_mushroom_block":135,"minecraft:stone":16,"minecraft:fern":30},"minecraft:broken":{"minecraft:stone_axe":2,"minecraft:stone_shovel":1}},"DataVersion":3105}