{"stats":{"minecraft:custom":{"minecraft:jump":34,"minecraft:time_since_rest":2253,"minecraft:crouch_one_cm":266,"minecraft:sprint_one_cm":1278,"minecraft:play_time":2253,"minecraft:damage_taken":30,"minecraft:time_since_death":2253,"minecraft:walk_one_cm":2446,"minecraft:sneak_time":71,"minecraft:total_world_time":2253,"minecraft:fall_one_cm":1300,"minecraft:fly_one_cm":2188},"minecraft:picked_up":{"minecraft:spruce_log":1,"minecraft:cobblestone":12,"minecraft:spruce_planks":12},"minecraft:mined":{"minecraft:spruce_log":1,"minecraft:spruce_leaves":1}},"DataVersion":3105}