{"stats":{"minecraft:killed":{"minecraft:spider":1,"minecraft:skeleton":6,"minecraft:creeper":1,"minecraft:zombie":21},"minecraft:dropped":{"minecraft:iron_ingot":64,"minecraft:iron_sword":1,"minecraft:wheat_seeds":11,"minecraft:rail":4,"minecraft:mushroom_stew":1,"minecraft:dirt":1,"minecraft:ink_sac":7,"minecraft:bowl":21,"minecraft:wheat":2,"minecraft:composter":2,"minecraft:stone_shovel":1,"minecraft:shield":1,"minecraft:arrow":2},"minecraft:killed_by":{"minecraft:player":1,"minecraft:creeper":1,"minecraft:skeleton":1},"minecraft:used":{"minecraft:stone_sword":91,"minecraft:stone_shovel":274,"minecraft:spruce_planks":274,"minecraft:chest":3,"minecraft:shield":13,"minecraft:iron_sword":198,"minecraft:wooden_shovel":50,"minecraft:stone_hoe":138,"minecraft:torch":17,"minecraft:dirt":294,"minecraft:spruce_fence":69,"minecraft:sweet_berries":19,"minecraft:furnace":1,"minecraft:potato":39,"minecraft:wheat_seeds":39,"minecraft:stone_pickaxe":48,"minecraft:sugar_cane":10,"minecraft:spruce_fence_gate":2,"minecraft:sand":25,"minecraft:crafting_table":3,"minecraft:mushroom_stew":21,"minecraft:spruce_log":5,"minecraft:pumpkin_seeds":48,"minecraft:bread":5,"minecraft:iron_pickaxe":98,"minecraft:stone_axe":376,"minecraft:cobblestone":15,"minecraft:coarse_dirt":1,"minecraft:bone_meal":12},"minecraft:crafted":{"minecraft:stone_shovel":2,"minecraft:furnace":1,"minecraft:mushroom_stew":46,"minecraft:bone_meal":6,"minecraft:spruce_fence":63,"minecraft:stone_pickaxe":1,"minecraft:chest":3,"minecraft:stone_hoe":1,"minecraft:wooden_shovel":1,"minecraft:crafting_table":1,"minecraft:spruce_planks":472,"minecraft:baked_potato":2,"minecraft:iron_sword":1,"minecraft:bowl":48,"minecraft:pumpkin_seeds":48,"minecraft:stone_axe":3,"minecraft:air":0,"minecraft:stick":164,"minecraft:stone_sword":1,"minecraft:spruce_fence_gate":2,"minecraft:torch":200},"minecraft:custom":{"minecraft:mob_kills":31,"minecraft:interact_with_crafting_table":25,"minecraft:leave_game":1,"minecraft:time_since_death":55271,"minecraft:sprint_one_cm":261389,"minecraft:walk_one_cm":487146,"minecraft:damage_blocked_by_shield":460,"minecraft:drop":34,"minecraft:play_time":145553,"minecraft:deaths":3,"minecraft:sneak_time":14934,"minecraft:walk_under_water_one_cm":30218,"minecraft:boat_one_cm":18221,"minecraft:jump":2213,"minecraft:walk_on_water_one_cm":48890,"minecraft:total_world_time":145553,"minecraft:interact_with_furnace":6,"minecraft:interact_with_grindstone":1,"minecraft:time_since_rest":55318,"minecraft:damage_taken":2340,"minecraft:damage_dealt":6011,"minecraft:swim_one_cm":81174,"minecraft:fly_one_cm":392185,"minecraft:open_chest":28,"minecraft:crouch_one_cm":67319,"minecraft:fall_one_cm":49489},"minecraft:mined":{"minecraft:spruce_planks":5,"minecraft:farmland":2,"minecraft:mossy_cobblestone":17,"minecraft:deepslate_diamond_ore":3,"minecraft:granite":2,"minecraft:spruce_fence":6,"minecraft:grass_block":196,"minecraft:spruce_leaves":47,"minecraft:composter":1,"minecraft:tall_seagrass":4,"minecraft:carrots":1,"minecraft:iron_ore":9,"minecraft:pumpkin":48,"minecraft:potatoes":36,"minecraft:deepslate_iron_ore":4,"minecraft:azalea":1,"minecraft:stone":28,"minecraft:podzol":48,"minecraft:deepslate_redstone_ore":2,"minecraft:brown_mushroom":52,"minecraft:crafting_table":2,"minecraft:torch":1,"minecraft:mushroom_stem":14,"minecraft:tall_grass":2,"minecraft:deepslate_gold_ore":6,"minecraft:sugar_cane":5,"minecraft:seagrass":4,"minecraft:coarse_dirt":1,"minecraft:sweet_berry_bush":19,"minecraft:wheat":20,"minecraft:spruce_log":120,"minecraft:pumpkin_stem":4,"minecraft:grass":7,"minecraft:coal_ore":59,"minecraft:sand":31,"minecraft:dirt":58,"minecraft:red_mushroom_block":135,"minecraft:deepslate":5,"minecraft:fern":34},"minecraft:picked_up":{"minecraft:coarse_dirt":3,"minecraft:iron_chestplate":2,"minecraft:crafting_table":2,"minecraft:wheat":11,"minecraft:brown_mushroom":59,"minecraft:shield":2,"minecraft:string":1,"minecraft:moss_carpet":1,"minecraft:iron_leggings":2,"minecraft:cobbled_deepslate":5,"minecraft:spruce_planks":181,"minecraft:wooden_shovel":3,"minecraft:iron_pickaxe":2,"minecraft:sugar_cane":10,"minecraft:iron_boots":2,"minecraft:stick":208,"minecraft:raw_iron":12,"minecraft:composter":5,"minecraft:oak_fence":5,"minecraft:torch":6,"minecraft:bowl":19,"minecraft:spruce_fence":7,"minecraft:carrot":1,"minecraft:redstone":8,"minecraft:stone_shovel":2,"minecraft:stone_sword":3,"minecraft:arrow":7,"minecraft:rotten_flesh":16,"minecraft:rail":4,"minecraft:cobblestone":68,"minecraft:water_bucket":1,"minecraft:red_mushroom":67,"minecraft:potato":70,"minecraft:mushroom_stew":4,"minecraft:oak_log":2,"minecraft:gunpowder":6,"minecraft:dirt":336,"minecraft:bone":11,"minecraft:wheat_seeds":53,"minecraft:raw_gold":2,"minecraft:iron_ingot":66,"minecraft:stone_pickaxe":3,"minecraft:moss_block":6,"minecraft:stone_hoe":6,"minecraft:iron_sword":1,"minecraft:pumpkin":49,"minecraft:sweet_berries":52,"minecraft:sand":65,"minecraft:spruce_sapling":37,"minecraft:ink_sac":17,"minecraft:spruce_log":157,"minecraft:spider_eye":1,"minecraft:mossy_cobblestone":22,"minecraft:pumpkin_seeds":55,"minecraft:slime_ball":3,"minecraft:diamond":3,"minecraft:stone_axe":6,"minecraft:iron_helmet":2,"minecraft:bone_meal":6,"minecraft:bread":5,"minecraft:coal":50},"minecraft:broken":{"minecraft:stone_axe":2,"minecraft:stone_shovel":2}},"DataVersion":3105}