{"stats":{"minecraft:killed":{"minecraft:skeleton":1},"minecraft:dropped":{"minecraft:wheat":2},"minecraft:used":{"minecraft:stone_sword":14,"minecraft:bread":3,"minecraft:stone_pickaxe":25,"minecraft:spruce_planks":60,"minecraft:stone_axe":90,"minecraft:sweet_berries":3,"minecraft:spruce_log":5},"minecraft:crafted":{"minecraft:spruce_planks":236,"minecraft:stick":8,"minecraft:stone_pickaxe":1,"minecraft:stone_sword":1,"minecraft:bone_meal":6,"minecraft:stone_axe":2},"minecraft:custom":{"minecraft:time_since_rest":20253,"minecraft:sprint_one_cm":32025,"minecraft:damage_taken":160,"minecraft:walk_one_cm":38064,"minecraft:mob_kills":1,"minecraft:drop":1,"minecraft:damage_dealt":261,"minecraft:swim_one_cm":28233,"minecraft:interact_with_crafting_table":4,"minecraft:fly_one_cm":54514,"minecraft:crouch_one_cm":8341,"minecraft:play_time":20253,"minecraft:sneak_time":2147,"minecraft:walk_under_water_one_cm":2053,"minecraft:jump":344,"minecraft:walk_on_water_one_cm":9424,"minecraft:time_since_death":20253,"minecraft:total_world_time":20253,"minecraft:fall_one_cm":6014},"minecraft:mined":{"minecraft:mossy_cobblestone":7,"minecraft:wheat":5,"minecraft:sweet_berry_bush":4,"minecraft:spruce_log":62,"minecraft:pumpkin":11,"minecraft:grass_block":1,"minecraft:potatoes":1,"minecraft:dirt":1,"minecraft:spruce_leaves":8,"minecraft:stone":16,"minecraft:composter":1,"minecraft:fern":1},"minecraft:picked_up":{"minecraft:wheat":2,"minecraft:pumpkin":11,"minecraft:sweet_berries":10,"minecraft:composter":1,"minecraft:potato":1,"minecraft:spruce_sapling":5,"minecraft:spruce_log":64,"minecraft:dirt":2,"minecraft:mossy_cobblestone":6,"minecraft:bone":2,"minecraft:wheat_seeds":12,"minecraft:spruce_planks":16,"minecraft:bread":5,"minecraft:cobblestone":28}},"DataVersion":3105}