{"stats":{"minecraft:killed":{"minecraft:spider":1,"minecraft:skeleton":1,"minecraft:zombie":1},"minecraft:dropped":{"minecraft:wheat":2},"minecraft:killed_by":{"minecraft:creeper":1},"minecraft:used":{"minecraft:wheat_seeds":12,"minecraft:stone_sword":15,"minecraft:stone_shovel":135,"minecraft:stone_pickaxe":25,"minecraft:spruce_planks":112,"minecraft:chest":2,"minecraft:wooden_shovel":36,"minecraft:stone_hoe":109,"minecraft:dirt":155,"minecraft:crafting_table":2,"minecraft:spruce_fence":6,"minecraft:spruce_log":5,"minecraft:pumpkin_seeds":20,"minecraft:bread":5,"minecraft:stone_axe":124,"minecraft:sweet_berries":10,"minecraft:potato":26,"minecraft:bone_meal":12},"minecraft:crafted":{"minecraft:wooden_shovel":1,"minecraft:stone_shovel":1,"minecraft:spruce_planks":236,"minecraft:bone_meal":6,"minecraft:pumpkin_seeds":44,"minecraft:spruce_fence":15,"minecraft:stone_axe":2,"minecraft:stick":112,"minecraft:stone_pickaxe":1,"minecraft:stone_sword":1,"minecraft:chest":2,"minecraft:stone_hoe":1},"minecraft:custom":{"minecraft:interact_with_furnace":2,"minecraft:mob_kills":3,"minecraft:interact_with_crafting_table":9,"minecraft:time_since_death":2919,"minecraft:time_since_rest":2952,"minecraft:sprint_one_cm":69294,"minecraft:damage_taken":510,"minecraft:walk_one_cm":132799,"minecraft:drop":1,"minecraft:damage_dealt":793,"minecraft:swim_one_cm":35167,"minecraft:fly_one_cm":77355,"minecraft:open_chest":3,"minecraft:crouch_one_cm":21816,"minecraft:play_time":44253,"minecraft:deaths":1,"minecraft:sneak_time":5472,"minecraft:walk_under_water_one_cm":13006,"minecraft:jump":585,"minecraft:walk_on_water_one_cm":17051,"minecraft:total_world_time":44253,"minecraft:fall_one_cm":8021},"minecraft:picked_up":{"minecraft:crafting_table":2,"minecraft:coarse_dirt":2,"minecraft:wheat":2,"minecraft:potato":26,"minecraft:dirt":173,"minecraft:bone":2,"minecraft:wheat_seeds":16,"minecraft:spruce_planks":148,"minecraft:stone_pickaxe":1,"minecraft:wooden_shovel":1,"minecraft:stone_hoe":2,"minecraft:stick":3,"minecraft:pumpkin":11,"minecraft:sweet_berries":10,"minecraft:composter":2,"minecraft:sand":23,"minecraft:spruce_sapling":8,"minecraft:ink_sac":3,"minecraft:spruce_log":65,"minecraft:mossy_cobblestone":6,"minecraft:pumpkin_seeds":27,"minecraft:stone_sword":1,"minecraft:stone_axe":2,"minecraft:bone_meal":6,"minecraft:bread":5,"minecraft:cobblestone":28},"minecraft:mined":{"minecraft:podzol":25,"minecraft:spruce_planks":1,"minecraft:farmland":2,"minecraft:mossy_cobblestone":7,"minecraft:crafting_table":2,"minecraft:grass_block":92,"minecraft:spruce_leaves":8,"minecraft:composter":1,"minecraft:tall_seagrass":1,"minecraft:coarse_dirt":1,"minecraft:wheat":5,"minecraft:sweet_berry_bush":4,"minecraft:spruce_log":62,"minecraft:pumpkin_stem":2,"minecraft:pumpkin":11,"minecraft:grass":1,"minecraft:potatoes":6,"minecraft:sand":20,"minecraft:dirt":40,"minecraft:stone":16,"minecraft:fern":6},"minecraft:broken":{"minecraft:stone_shovel":1}},"DataVersion":3105}