{"stats":{"minecraft:killed":{"minecraft:spider":1,"minecraft:skeleton":1,"minecraft:zombie":3},"minecraft:dropped":{"minecraft:iron_ingot":64,"minecraft:wheat":2,"minecraft:mushroom_stew":1,"minecraft:shield":1,"minecraft:ink_sac":7},"minecraft:killed_by":{"minecraft:player":1,"minecraft:skeleton":1,"minecraft:creeper":1},"minecraft:used":{"minecraft:wheat_seeds":39,"minecraft:stone_sword":86,"minecraft:stone_shovel":274,"minecraft:stone_pickaxe":36,"minecraft:spruce_planks":266,"minecraft:chest":2,"minecraft:spruce_fence_gate":2,"minecraft:wooden_shovel":50,"minecraft:sugar_cane":8,"minecraft:stone_hoe":138,"minecraft:dirt":294,"minecraft:sand":25,"minecraft:crafting_table":2,"minecraft:mushroom_stew":2,"minecraft:spruce_fence":69,"minecraft:spruce_log":5,"minecraft:pumpkin_seeds":48,"minecraft:bread":5,"minecraft:stone_axe":354,"minecraft:sweet_berries":19,"minecraft:potato":37,"minecraft:coarse_dirt":1,"minecraft:bone_meal":12},"minecraft:crafted":{"minecraft:wooden_shovel":1,"minecraft:stone_shovel":2,"minecraft:spruce_planks":472,"minecraft:bowl":48,"minecraft:mushroom_stew":46,"minecraft:bone_meal":6,"minecraft:pumpkin_seeds":48,"minecraft:spruce_fence":63,"minecraft:stone_axe":3,"minecraft:stick":164,"minecraft:stone_pickaxe":1,"minecraft:stone_sword":1,"minecraft:chest":2,"minecraft:spruce_fence_gate":2,"minecraft:stone_hoe":1},"minecraft:custom":{"minecraft:interact_with_furnace":2,"minecraft:mob_kills":6,"minecraft:interact_with_crafting_table":22,"minecraft:leave_game":1,"minecraft:time_since_death":2034,"minecraft:time_since_rest":2081,"minecraft:sprint_one_cm":166926,"minecraft:damage_taken":1182,"minecraft:walk_one_cm":338109,"minecraft:drop":5,"minecraft:damage_dealt":1584,"minecraft:swim_one_cm":51528,"minecraft:fly_one_cm":160940,"minecraft:open_chest":16,"minecraft:crouch_one_cm":56423,"minecraft:play_time":92316,"minecraft:deaths":3,"minecraft:sneak_time":11439,"minecraft:walk_under_water_one_cm":22575,"minecraft:jump":1022,"minecraft:walk_on_water_one_cm":33876,"minecraft:total_world_time":92316,"minecraft:fall_one_cm":18496},"minecraft:picked_up":{"minecraft:iron_chestplate":2,"minecraft:crafting_table":2,"minecraft:coarse_dirt":3,"minecraft:wheat":11,"minecraft:water_bucket":1,"minecraft:brown_mushroom":59,"minecraft:red_mushroom":67,"minecraft:potato":38,"minecraft:mushroom_stew":4,"minecraft:shield":1,"minecraft:gunpowder":4,"minecraft:dirt":335,"minecraft:iron_leggings":2,"minecraft:bone":2,"minecraft:wheat_seeds":42,"minecraft:spruce_planks":181,"minecraft:iron_ingot":66,"minecraft:stone_pickaxe":3,"minecraft:wooden_shovel":3,"minecraft:moss_block":6,"minecraft:sugar_cane":8,"minecraft:stone_hoe":6,"minecraft:iron_boots":2,"minecraft:stick":207,"minecraft:pumpkin":31,"minecraft:sweet_berries":30,"minecraft:composter":4,"minecraft:oak_fence":5,"minecraft:torch":5,"minecraft:bowl":15,"minecraft:spruce_fence":7,"minecraft:sand":65,"minecraft:spruce_sapling":37,"minecraft:ink_sac":17,"minecraft:spruce_log":157,"minecraft:spider_eye":1,"minecraft:mossy_cobblestone":22,"minecraft:pumpkin_seeds":55,"minecraft:stone_sword":3,"minecraft:stone_shovel":1,"minecraft:rotten_flesh":3,"minecraft:stone_axe":5,"minecraft:iron_helmet":2,"minecraft:bone_meal":6,"minecraft:bread":5,"minecraft:cobblestone":49},"minecraft:mined":{"minecraft:podzol":48,"minecraft:spruce_planks":5,"minecraft:brown_mushroom":52,"minecraft:farmland":2,"minecraft:mossy_cobblestone":17,"minecraft:crafting_table":2,"minecraft:spruce_fence":6,"minecraft:grass_block":195,"minecraft:mushroom_stem":14,"minecraft:spruce_leaves":31,"minecraft:sugar_cane":3,"minecraft:composter":1,"minecraft:tall_seagrass":1,"minecraft:coarse_dirt":1,"minecraft:wheat":10,"minecraft:sweet_berry_bush":9,"minecraft:spruce_log":120,"minecraft:pumpkin_stem":4,"minecraft:pumpkin":31,"minecraft:grass":4,"minecraft:potatoes":9,"minecraft:sand":31,"minecraft:dirt":58,"minecraft:red_mushroom_block":135,"minecraft:stone":16,"minecraft:fern":30},"minecraft:broken":{"minecraft:stone_axe":2,"minecraft:stone_shovel":2}},"DataVersion":3105}