{"stats":{"minecraft:killed":{"minecraft:spider":1,"minecraft:skeleton":2,"minecraft:zombie":4},"minecraft:dropped":{"minecraft:iron_ingot":64,"minecraft:bowl":4,"minecraft:wheat":2,"minecraft:composter":2,"minecraft:mushroom_stew":1,"minecraft:shield":1,"minecraft:ink_sac":7,"minecraft:arrow":2},"minecraft:killed_by":{"minecraft:player":1,"minecraft:skeleton":1,"minecraft:creeper":1},"minecraft:used":{"minecraft:wheat_seeds":39,"minecraft:stone_sword":91,"minecraft:stone_shovel":274,"minecraft:stone_pickaxe":36,"minecraft:chest":3,"minecraft:spruce_planks":274,"minecraft:iron_sword":66,"minecraft:spruce_fence_gate":2,"minecraft:wooden_shovel":50,"minecraft:sugar_cane":10,"minecraft:stone_hoe":138,"minecraft:torch":2,"minecraft:dirt":294,"minecraft:sand":25,"minecraft:crafting_table":2,"minecraft:mushroom_stew":7,"minecraft:spruce_fence":69,"minecraft:spruce_log":5,"minecraft:pumpkin_seeds":48,"minecraft:bread":5,"minecraft:iron_pickaxe":30,"minecraft:stone_axe":376,"minecraft:sweet_berries":19,"minecraft:potato":39,"minecraft:coarse_dirt":1,"minecraft:bone_meal":12},"minecraft:crafted":{"minecraft:wooden_shovel":1,"minecraft:stone_shovel":2,"minecraft:spruce_planks":472,"minecraft:iron_sword":1,"minecraft:bowl":48,"minecraft:mushroom_stew":46,"minecraft:bone_meal":6,"minecraft:pumpkin_seeds":48,"minecraft:spruce_fence":63,"minecraft:stone_axe":3,"minecraft:stick":164,"minecraft:stone_pickaxe":1,"minecraft:stone_sword":1,"minecraft:chest":3,"minecraft:spruce_fence_gate":2,"minecraft:stone_hoe":1},"minecraft:custom":{"minecraft:interact_with_furnace":4,"minecraft:mob_kills":8,"minecraft:interact_with_crafting_table":24,"minecraft:interact_with_grindstone":1,"minecraft:leave_game":1,"minecraft:time_since_death":31271,"minecraft:time_since_rest":31318,"minecraft:sprint_one_cm":210660,"minecraft:damage_taken":1440,"minecraft:walk_one_cm":421586,"minecraft:drop":12,"minecraft:damage_dealt":2313,"minecraft:swim_one_cm":80798,"minecraft:fly_one_cm":272794,"minecraft:open_chest":28,"minecraft:crouch_one_cm":59584,"minecraft:play_time":121553,"minecraft:deaths":3,"minecraft:sneak_time":12243,"minecraft:walk_under_water_one_cm":25964,"minecraft:boat_one_cm":18221,"minecraft:jump":1585,"minecraft:walk_on_water_one_cm":44409,"minecraft:total_world_time":121553,"minecraft:fall_one_cm":31679},"minecraft:picked_up":{"minecraft:crafting_table":2,"minecraft:iron_chestplate":2,"minecraft:coarse_dirt":3,"minecraft:wheat":11,"minecraft:water_bucket":1,"minecraft:brown_mushroom":59,"minecraft:red_mushroom":67,"minecraft:potato":70,"minecraft:mushroom_stew":4,"minecraft:shield":2,"minecraft:gunpowder":4,"minecraft:dirt":336,"minecraft:moss_carpet":1,"minecraft:iron_leggings":2,"minecraft:bone":4,"minecraft:wheat_seeds":53,"minecraft:spruce_planks":181,"minecraft:iron_ingot":66,"minecraft:stone_pickaxe":3,"minecraft:wooden_shovel":3,"minecraft:iron_pickaxe":2,"minecraft:moss_block":6,"minecraft:sugar_cane":10,"minecraft:stone_hoe":6,"minecraft:iron_boots":2,"minecraft:stick":208,"minecraft:pumpkin":49,"minecraft:sweet_berries":52,"minecraft:composter":5,"minecraft:oak_fence":5,"minecraft:torch":6,"minecraft:bowl":15,"minecraft:spruce_fence":7,"minecraft:sand":65,"minecraft:spruce_sapling":37,"minecraft:ink_sac":17,"minecraft:spruce_log":157,"minecraft:spider_eye":1,"minecraft:mossy_cobblestone":22,"minecraft:stone_sword":3,"minecraft:pumpkin_seeds":55,"minecraft:arrow":4,"minecraft:rotten_flesh":3,"minecraft:stone_shovel":2,"minecraft:stone_axe":6,"minecraft:iron_helmet":2,"minecraft:bone_meal":6,"minecraft:bread":5,"minecraft:coal":24,"minecraft:cobblestone":55},"minecraft:mined":{"minecraft:podzol":48,"minecraft:spruce_planks":5,"minecraft:brown_mushroom":52,"minecraft:farmland":2,"minecraft:mossy_cobblestone":17,"minecraft:crafting_table":2,"minecraft:torch":1,"minecraft:granite":2,"minecraft:grass_block":196,"minecraft:spruce_fence":6,"minecraft:mushroom_stem":14,"minecraft:tall_grass":2,"minecraft:spruce_leaves":47,"minecraft:composter":1,"minecraft:sugar_cane":5,"minecraft:seagrass":4,"minecraft:tall_seagrass":4,"minecraft:coarse_dirt":1,"minecraft:carrots":1,"minecraft:wheat":20,"minecraft:sweet_berry_bush":19,"minecraft:spruce_log":120,"minecraft:pumpkin_stem":4,"minecraft:pumpkin":48,"minecraft:grass":7,"minecraft:coal_ore":24,"minecraft:potatoes":36,"minecraft:sand":31,"minecraft:dirt":58,"minecraft:azalea":1,"minecraft:red_mushroom_block":135,"minecraft:stone":19,"minecraft:fern":34},"minecraft:broken":{"minecraft:stone_axe":2,"minecraft:stone_shovel":2}},"DataVersion":3105}