{"stats":{"minecraft:killed":{"minecraft:spider":1,"minecraft:skeleton":1,"minecraft:zombie":2},"minecraft:dropped":{"minecraft:wheat":2},"minecraft:killed_by":{"minecraft:skeleton":1,"minecraft:creeper":1},"minecraft:used":{"minecraft:wheat_seeds":15,"minecraft:stone_sword":82,"minecraft:stone_shovel":215,"minecraft:stone_pickaxe":25,"minecraft:spruce_planks":140,"minecraft:chest":2,"minecraft:wooden_shovel":50,"minecraft:sugar_cane":3,"minecraft:stone_hoe":138,"minecraft:dirt":197,"minecraft:sand":25,"minecraft:crafting_table":2,"minecraft:spruce_fence":20,"minecraft:spruce_log":5,"minecraft:pumpkin_seeds":48,"minecraft:bread":5,"minecraft:stone_axe":255,"minecraft:sweet_berries":19,"minecraft:potato":37,"minecraft:coarse_dirt":1,"minecraft:bone_meal":12},"minecraft:crafted":{"minecraft:wooden_shovel":1,"minecraft:stone_shovel":2,"minecraft:spruce_planks":252,"minecraft:bowl":48,"minecraft:mushroom_stew":46,"minecraft:bone_meal":6,"minecraft:pumpkin_seeds":48,"minecraft:spruce_fence":15,"minecraft:stone_axe":3,"minecraft:stick":112,"minecraft:stone_pickaxe":1,"minecraft:stone_sword":1,"minecraft:chest":2,"minecraft:stone_hoe":1},"minecraft:custom":{"minecraft:interact_with_furnace":2,"minecraft:mob_kills":4,"minecraft:interact_with_crafting_table":19,"minecraft:time_since_death":9767,"minecraft:time_since_rest":9795,"minecraft:sprint_one_cm":119618,"minecraft:damage_taken":905,"minecraft:walk_one_cm":228605,"minecraft:drop":1,"minecraft:damage_dealt":1268,"minecraft:swim_one_cm":49003,"minecraft:fly_one_cm":130434,"minecraft:open_chest":10,"minecraft:crouch_one_cm":33639,"minecraft:play_time":68253,"minecraft:deaths":2,"minecraft:sneak_time":7619,"minecraft:walk_under_water_one_cm":17824,"minecraft:jump":830,"minecraft:walk_on_water_one_cm":28576,"minecraft:total_world_time":68253,"minecraft:fall_one_cm":13937},"minecraft:picked_up":{"minecraft:crafting_table":2,"minecraft:coarse_dirt":3,"minecraft:wheat":2,"minecraft:brown_mushroom":59,"minecraft:red_mushroom":65,"minecraft:potato":37,"minecraft:gunpowder":2,"minecraft:dirt":262,"minecraft:bone":2,"minecraft:wheat_seeds":19,"minecraft:spruce_planks":150,"minecraft:stone_pickaxe":2,"minecraft:wooden_shovel":2,"minecraft:moss_block":6,"minecraft:sugar_cane":3,"minecraft:stone_hoe":4,"minecraft:stick":90,"minecraft:pumpkin":19,"minecraft:sweet_berries":27,"minecraft:composter":3,"minecraft:bowl":15,"minecraft:spruce_fence":7,"minecraft:sand":55,"minecraft:spruce_sapling":16,"minecraft:ink_sac":6,"minecraft:spruce_log":68,"minecraft:mossy_cobblestone":12,"minecraft:pumpkin_seeds":55,"minecraft:stone_sword":2,"minecraft:stone_axe":3,"minecraft:bone_meal":6,"minecraft:bread":5,"minecraft:cobblestone":39},"minecraft:mined":{"minecraft:podzol":25,"minecraft:spruce_planks":2,"minecraft:brown_mushroom":52,"minecraft:farmland":2,"minecraft:mossy_cobblestone":7,"minecraft:crafting_table":2,"minecraft:spruce_fence":6,"minecraft:grass_block":164,"minecraft:mushroom_stem":14,"minecraft:spruce_leaves":9,"minecraft:sugar_cane":1,"minecraft:composter":1,"minecraft:tall_seagrass":1,"minecraft:coarse_dirt":1,"minecraft:wheat":5,"minecraft:sweet_berry_bush":9,"minecraft:spruce_log":65,"minecraft:pumpkin_stem":4,"minecraft:pumpkin":19,"minecraft:grass":4,"minecraft:potatoes":9,"minecraft:sand":27,"minecraft:dirt":43,"minecraft:red_mushroom_block":135,"minecraft:stone":16,"minecraft:fern":28},"minecraft:broken":{"minecraft:stone_axe":2,"minecraft:stone_shovel":1}},"DataVersion":3105}