{"stats":{"minecraft:killed":{"minecraft:spider":1,"minecraft:skeleton":1,"minecraft:zombie":1},"minecraft:dropped":{"minecraft:wheat":2},"minecraft:killed_by":{"minecraft:creeper":1},"minecraft:used":{"minecraft:wheat_seeds":15,"minecraft:stone_sword":58,"minecraft:stone_shovel":135,"minecraft:stone_pickaxe":25,"minecraft:spruce_planks":127,"minecraft:chest":2,"minecraft:wooden_shovel":50,"minecraft:stone_hoe":109,"minecraft:dirt":155,"minecraft:crafting_table":2,"minecraft:spruce_fence":20,"minecraft:spruce_log":5,"minecraft:pumpkin_seeds":20,"minecraft:bread":5,"minecraft:stone_axe":241,"minecraft:sweet_berries":17,"minecraft:potato":26,"minecraft:bone_meal":12},"minecraft:crafted":{"minecraft:wooden_shovel":1,"minecraft:stone_shovel":1,"minecraft:spruce_planks":240,"minecraft:bowl":48,"minecraft:mushroom_stew":33,"minecraft:bone_meal":6,"minecraft:pumpkin_seeds":44,"minecraft:spruce_fence":15,"minecraft:stone_axe":2,"minecraft:stick":112,"minecraft:stone_pickaxe":1,"minecraft:stone_sword":1,"minecraft:chest":2,"minecraft:stone_hoe":1},"minecraft:custom":{"minecraft:interact_with_furnace":2,"minecraft:mob_kills":3,"minecraft:interact_with_crafting_table":12,"minecraft:time_since_death":14919,"minecraft:time_since_rest":14952,"minecraft:sprint_one_cm":103518,"minecraft:damage_taken":520,"minecraft:walk_one_cm":167555,"minecraft:drop":1,"minecraft:damage_dealt":819,"minecraft:swim_one_cm":46519,"minecraft:fly_one_cm":120812,"minecraft:open_chest":4,"minecraft:crouch_one_cm":26197,"minecraft:play_time":56253,"minecraft:deaths":1,"minecraft:sneak_time":6142,"minecraft:walk_under_water_one_cm":13692,"minecraft:jump":767,"minecraft:walk_on_water_one_cm":22007,"minecraft:total_world_time":56253,"minecraft:fall_one_cm":12201},"minecraft:picked_up":{"minecraft:crafting_table":2,"minecraft:coarse_dirt":2,"minecraft:wheat":2,"minecraft:brown_mushroom":46,"minecraft:red_mushroom":48,"minecraft:potato":26,"minecraft:dirt":177,"minecraft:bone":2,"minecraft:wheat_seeds":17,"minecraft:spruce_planks":148,"minecraft:stone_pickaxe":1,"minecraft:wooden_shovel":1,"minecraft:stone_hoe":2,"minecraft:stick":3,"minecraft:pumpkin":11,"minecraft:sweet_berries":22,"minecraft:composter":2,"minecraft:spruce_fence":6,"minecraft:sand":28,"minecraft:spruce_sapling":8,"minecraft:ink_sac":3,"minecraft:spruce_log":65,"minecraft:mossy_cobblestone":6,"minecraft:pumpkin_seeds":27,"minecraft:stone_sword":1,"minecraft:stone_axe":2,"minecraft:bone_meal":6,"minecraft:bread":5,"minecraft:cobblestone":28},"minecraft:mined":{"minecraft:podzol":25,"minecraft:spruce_planks":1,"minecraft:brown_mushroom":52,"minecraft:farmland":2,"minecraft:mossy_cobblestone":7,"minecraft:crafting_table":2,"minecraft:spruce_fence":6,"minecraft:grass_block":96,"minecraft:mushroom_stem":14,"minecraft:spruce_leaves":8,"minecraft:composter":1,"minecraft:tall_seagrass":1,"minecraft:coarse_dirt":1,"minecraft:wheat":5,"minecraft:sweet_berry_bush":9,"minecraft:spruce_log":62,"minecraft:pumpkin_stem":2,"minecraft:pumpkin":11,"minecraft:grass":4,"minecraft:potatoes":6,"minecraft:sand":25,"minecraft:dirt":40,"minecraft:red_mushroom_block":135,"minecraft:stone":16,"minecraft:fern":21},"minecraft:broken":{"minecraft:stone_axe":2,"minecraft:stone_shovel":1}},"DataVersion":3105}