{"stats":{"minecraft:picked_up":{"minecraft:acacia_planks":15,"minecraft:torch":21,"minecraft:acacia_log":2,"minecraft:stone_pickaxe":1,"minecraft:white_bed":1,"minecraft:cobblestone":11},"minecraft:dropped":{"minecraft:acacia_planks":2},"minecraft:crafted":{"minecraft:cooked_beef":1,"minecraft:iron_boots":1,"minecraft:iron_chestplate":1,"minecraft:shield":1,"minecraft:crafting_table":1,"minecraft:stick":4,"minecraft:iron_helmet":1,"minecraft:stone_sword":1},"minecraft:custom":{"minecraft:open_chest":2,"minecraft:time_since_rest":0,"minecraft:play_time":11989,"minecraft:interact_with_furnace":1,"minecraft:sprint_one_cm":2912,"minecraft:damage_taken":30,"minecraft:walk_one_cm":42705,"minecraft:walk_under_water_one_cm":1429,"minecraft:drop":2,"minecraft:jump":145,"minecraft:time_since_death":11989,"minecraft:walk_on_water_one_cm":1290,"minecraft:sleep_in_bed":1,"minecraft:total_world_time":11989,"minecraft:interact_with_crafting_table":3,"minecraft:fall_one_cm":3019,"minecraft:fly_one_cm":1336},"minecraft:mined":{"minecraft:grass":4,"minecraft:acacia_log":2},"minecraft:used":{"minecraft:iron_chestplate":1,"minecraft:crafting_table":1,"minecraft:white_bed":1,"minecraft:iron_helmet":1,"minecraft:iron_boots":1}},"DataVersion":3105}