{"stats":{"minecraft:picked_up":{"minecraft:torch":21,"minecraft:acacia_log":2,"minecraft:white_bed":1,"minecraft:acacia_boat":1,"minecraft:red_terracotta":2,"minecraft:string":1,"minecraft:orange_terracotta":2,"minecraft:acacia_planks":15,"minecraft:wheat_seeds":1,"minecraft:stone_pickaxe":1,"minecraft:cobblestone":11},"minecraft:dropped":{"minecraft:acacia_planks":2},"minecraft:crafted":{"minecraft:cooked_beef":1,"minecraft:iron_boots":1,"minecraft:iron_chestplate":1,"minecraft:shield":1,"minecraft:crafting_table":1,"minecraft:stick":4,"minecraft:iron_helmet":1,"minecraft:stone_sword":1},"minecraft:custom":{"minecraft:time_since_rest":12310,"minecraft:sprint_one_cm":6411,"minecraft:interact_with_furnace":1,"minecraft:damage_taken":50,"minecraft:walk_one_cm":57815,"minecraft:drop":2,"minecraft:damage_dealt":70,"minecraft:interact_with_crafting_table":3,"minecraft:fly_one_cm":4291,"minecraft:open_chest":2,"minecraft:play_time":24312,"minecraft:walk_under_water_one_cm":2747,"minecraft:boat_one_cm":146656,"minecraft:jump":218,"minecraft:leave_game":1,"minecraft:walk_on_water_one_cm":4987,"minecraft:time_since_death":24312,"minecraft:sleep_in_bed":1,"minecraft:climb_one_cm":220,"minecraft:total_world_time":24312,"minecraft:fall_one_cm":4997},"minecraft:mined":{"minecraft:acacia_log":2,"minecraft:grass":7},"minecraft:used":{"minecraft:acacia_boat":1,"minecraft:stone_sword":3,"minecraft:iron_helmet":1,"minecraft:iron_boots":1,"minecraft:iron_chestplate":1,"minecraft:crafting_table":1,"minecraft:white_bed":1,"minecraft:cooked_beef":1,"minecraft:acacia_planks":1}},"DataVersion":3105}