{"stats":{"minecraft:killed":{"minecraft:sheep":4,"minecraft:salmon":8},"minecraft:dropped":{"minecraft:sweet_berries":3,"minecraft:wooden_axe":1},"minecraft:used":{"minecraft:wooden_axe":144,"minecraft:wooden_pickaxe":7,"minecraft:spruce_planks":61,"minecraft:salmon":6,"minecraft:torch":4,"minecraft:sweet_berries":2,"minecraft:crafting_table":4,"minecraft:spruce_log":61},"minecraft:crafted":{"minecraft:charcoal":8,"minecraft:crafting_table":2,"minecraft:spruce_planks":160,"minecraft:stick":12,"minecraft:wooden_pickaxe":1,"minecraft:wooden_axe":3,"minecraft:torch":32,"minecraft:air":0},"minecraft:custom":{"minecraft:time_since_rest":23984,"minecraft:interact_with_furnace":2,"minecraft:sprint_one_cm":26193,"minecraft:damage_taken":74,"minecraft:walk_one_cm":54062,"minecraft:mob_kills":12,"minecraft:drop":4,"minecraft:damage_dealt":635,"minecraft:swim_one_cm":18138,"minecraft:interact_with_crafting_table":5,"minecraft:fly_one_cm":46709,"minecraft:crouch_one_cm":6261,"minecraft:play_time":23984,"minecraft:sneak_time":1338,"minecraft:walk_under_water_one_cm":4152,"minecraft:jump":314,"minecraft:time_since_death":23984,"minecraft:walk_on_water_one_cm":4122,"minecraft:total_world_time":23984,"minecraft:fall_one_cm":8273},"minecraft:mined":{"minecraft:tall_seagrass":1,"minecraft:spruce_planks":21,"minecraft:sweet_berry_bush":3,"minecraft:spruce_log":110,"minecraft:crafting_table":2,"minecraft:torch":4,"minecraft:spruce_leaves":4,"minecraft:stone":7,"minecraft:sugar_cane":2},"minecraft:picked_up":{"minecraft:stick":4,"minecraft:crafting_table":2,"minecraft:salmon":8,"minecraft:sweet_berries":5,"minecraft:torch":4,"minecraft:spruce_sapling":5,"minecraft:spruce_log":109,"minecraft:spruce_planks":3,"minecraft:sugar_cane":2,"minecraft:mutton":6,"minecraft:white_wool":5,"minecraft:cobblestone":7},"minecraft:broken":{"minecraft:wooden_axe":1}},"DataVersion":3105}