{"stats":{"minecraft:killed":{"minecraft:cave_spider":2,"minecraft:witch":1,"minecraft:salmon":8,"minecraft:spider":2,"minecraft:creeper":2,"minecraft:skeleton":3,"minecraft:sheep":4,"minecraft:zombie":7,"minecraft:axolotl":1,"minecraft:enderman":1},"minecraft:dropped":{"minecraft:moss_carpet":10,"minecraft:moss_block":2,"minecraft:sweet_berries":3,"minecraft:sugar_cane":2,"minecraft:wheat_seeds":1,"minecraft:detector_rail":4,"minecraft:cobblestone":1,"minecraft:rotten_flesh":2,"minecraft:granite":2,"minecraft:dirt":3,"minecraft:wooden_axe":2,"minecraft:azalea":1,"minecraft:spider_eye":1,"minecraft:wooden_pickaxe":1,"minecraft:stone_pickaxe":1,"minecraft:spruce_sapling":5},"minecraft:used":{"minecraft:cooked_mutton":6,"minecraft:tropical_fish":1,"minecraft:stone_shovel":12,"minecraft:stone_pickaxe":40,"minecraft:shield":11,"minecraft:spruce_planks":74,"minecraft:wooden_pickaxe":7,"minecraft:iron_sword":21,"minecraft:cooked_salmon":2,"minecraft:white_wool":2,"minecraft:salmon":6,"minecraft:torch":163,"minecraft:glow_berries":39,"minecraft:crafting_table":10,"minecraft:spruce_log":61,"minecraft:wooden_axe":144,"minecraft:iron_axe":24,"minecraft:iron_pickaxe":291,"minecraft:stone_axe":31,"minecraft:cobblestone":63,"minecraft:sweet_berries":2,"minecraft:furnace":5,"minecraft:andesite":2},"minecraft:crafted":{"minecraft:stone_shovel":1,"minecraft:crafting_table":4,"minecraft:spruce_planks":160,"minecraft:iron_helmet":1,"minecraft:wooden_pickaxe":1,"minecraft:iron_sword":1,"minecraft:furnace":2,"minecraft:cooked_salmon":2,"minecraft:stone_axe":1,"minecraft:cooked_mutton":6,"minecraft:air":0,"minecraft:iron_boots":1,"minecraft:iron_chestplate":1,"minecraft:charcoal":8,"minecraft:shield":1,"minecraft:iron_axe":1,"minecraft:stick":76,"minecraft:iron_ingot":53,"minecraft:iron_pickaxe":2,"minecraft:stone_pickaxe":1,"minecraft:wooden_axe":3,"minecraft:iron_leggings":1,"minecraft:torch":248},"minecraft:custom":{"minecraft:interact_with_furnace":48,"minecraft:mob_kills":31,"minecraft:interact_with_crafting_table":24,"minecraft:time_since_death":71984,"minecraft:climb_one_cm":633,"minecraft:time_since_rest":71984,"minecraft:sprint_one_cm":111247,"minecraft:damage_taken":1069,"minecraft:walk_one_cm":215753,"minecraft:damage_blocked_by_shield":245,"minecraft:drop":41,"minecraft:damage_dealt":4516,"minecraft:swim_one_cm":27001,"minecraft:fly_one_cm":86778,"minecraft:crouch_one_cm":8298,"minecraft:play_time":71984,"minecraft:sneak_time":2415,"minecraft:walk_under_water_one_cm":7703,"minecraft:jump":857,"minecraft:walk_on_water_one_cm":22409,"minecraft:total_world_time":71984,"minecraft:fall_one_cm":19275},"minecraft:mined":{"minecraft:podzol":2,"minecraft:spruce_planks":23,"minecraft:clay":8,"minecraft:crafting_table":7,"minecraft:torch":6,"minecraft:cave_vines_plant":24,"minecraft:granite":4,"minecraft:tall_grass":2,"minecraft:cobblestone":16,"minecraft:lapis_ore":6,"minecraft:spruce_leaves":4,"minecraft:sugar_cane":2,"minecraft:moss_block":5,"minecraft:diorite":2,"minecraft:wall_torch":3,"minecraft:spawner":1,"minecraft:tall_seagrass":1,"minecraft:furnace":4,"minecraft:iron_ore":92,"minecraft:sweet_berry_bush":3,"minecraft:spruce_log":110,"minecraft:andesite":4,"minecraft:moss_carpet":1,"minecraft:grass":5,"minecraft:coal_ore":98,"minecraft:cave_vines":62,"minecraft:vine":2,"minecraft:dirt":1,"minecraft:stone":93,"minecraft:white_wool":1},"minecraft:picked_up":{"minecraft:wooden_axe":1,"minecraft:crafting_table":7,"minecraft:clay_ball":32,"minecraft:andesite":6,"minecraft:salmon":8,"minecraft:wooden_pickaxe":1,"minecraft:potion":1,"minecraft:gunpowder":5,"minecraft:lapis_lazuli":32,"minecraft:moss_carpet":11,"minecraft:string":2,"minecraft:dirt":3,"minecraft:wheat_seeds":1,"minecraft:spruce_planks":5,"minecraft:azalea":1,"minecraft:moss_block":3,"minecraft:sugar_cane":2,"minecraft:oak_planks":1,"minecraft:furnace":4,"minecraft:stick":7,"minecraft:raw_iron":87,"minecraft:sweet_berries":5,"minecraft:oak_fence":5,"minecraft:torch":12,"minecraft:spruce_sapling":10,"minecraft:diorite":2,"minecraft:spruce_log":109,"minecraft:spider_eye":2,"minecraft:rotten_flesh":4,"minecraft:clay":1,"minecraft:tropical_fish":2,"minecraft:granite":4,"minecraft:glow_berries":38,"minecraft:mutton":6,"minecraft:coal":103,"minecraft:rail":1,"minecraft:white_wool":6,"minecraft:cobblestone":110,"minecraft:ender_pearl":1},"minecraft:broken":{"minecraft:iron_pickaxe":1,"minecraft:wooden_axe":1}},"DataVersion":3105}