{"stats":{"minecraft:killed":{"minecraft:witch":1,"minecraft:salmon":8,"minecraft:sheep":4,"minecraft:zombie":1},"minecraft:dropped":{"minecraft:sweet_berries":3,"minecraft:wooden_axe":2,"minecraft:wooden_pickaxe":1,"minecraft:stone_pickaxe":1},"minecraft:used":{"minecraft:cooked_mutton":4,"minecraft:stone_shovel":7,"minecraft:stone_pickaxe":40,"minecraft:spruce_planks":61,"minecraft:wooden_pickaxe":7,"minecraft:white_wool":1,"minecraft:salmon":6,"minecraft:torch":16,"minecraft:glow_berries":2,"minecraft:crafting_table":7,"minecraft:spruce_log":61,"minecraft:wooden_axe":144,"minecraft:iron_pickaxe":37,"minecraft:stone_axe":9,"minecraft:cobblestone":13,"minecraft:sweet_berries":2,"minecraft:furnace":2},"minecraft:crafted":{"minecraft:stone_shovel":1,"minecraft:crafting_table":4,"minecraft:spruce_planks":160,"minecraft:wooden_pickaxe":1,"minecraft:furnace":1,"minecraft:cooked_salmon":2,"minecraft:stone_axe":1,"minecraft:cooked_mutton":6,"minecraft:air":0,"minecraft:charcoal":8,"minecraft:stick":20,"minecraft:iron_ingot":6,"minecraft:iron_pickaxe":1,"minecraft:stone_pickaxe":1,"minecraft:wooden_axe":3,"minecraft:torch":32},"minecraft:custom":{"minecraft:interact_with_furnace":18,"minecraft:mob_kills":14,"minecraft:interact_with_crafting_table":8,"minecraft:time_since_death":35984,"minecraft:time_since_rest":35984,"minecraft:sprint_one_cm":37995,"minecraft:damage_taken":504,"minecraft:walk_one_cm":74488,"minecraft:drop":7,"minecraft:damage_dealt":1173,"minecraft:swim_one_cm":23344,"minecraft:fly_one_cm":54850,"minecraft:crouch_one_cm":6894,"minecraft:play_time":35984,"minecraft:sneak_time":1632,"minecraft:walk_under_water_one_cm":6145,"minecraft:jump":414,"minecraft:walk_on_water_one_cm":7128,"minecraft:total_world_time":35984,"minecraft:fall_one_cm":10625},"minecraft:mined":{"minecraft:podzol":2,"minecraft:spruce_planks":21,"minecraft:clay":3,"minecraft:crafting_table":3,"minecraft:torch":5,"minecraft:cave_vines_plant":1,"minecraft:spruce_leaves":4,"minecraft:sugar_cane":2,"minecraft:moss_block":2,"minecraft:wall_torch":3,"minecraft:tall_seagrass":1,"minecraft:furnace":1,"minecraft:iron_ore":12,"minecraft:sweet_berry_bush":3,"minecraft:spruce_log":110,"minecraft:grass":1,"minecraft:coal_ore":43,"minecraft:cave_vines":4,"minecraft:dirt":1,"minecraft:stone":28},"minecraft:picked_up":{"minecraft:wooden_axe":1,"minecraft:crafting_table":3,"minecraft:clay_ball":12,"minecraft:salmon":8,"minecraft:wooden_pickaxe":1,"minecraft:potion":1,"minecraft:gunpowder":1,"minecraft:dirt":3,"minecraft:spruce_planks":3,"minecraft:sugar_cane":2,"minecraft:furnace":1,"minecraft:stick":7,"minecraft:raw_iron":12,"minecraft:sweet_berries":5,"minecraft:torch":7,"minecraft:spruce_sapling":10,"minecraft:spruce_log":109,"minecraft:glow_berries":2,"minecraft:mutton":6,"minecraft:coal":41,"minecraft:white_wool":5,"minecraft:cobblestone":28},"minecraft:broken":{"minecraft:wooden_axe":1}},"DataVersion":3105}