{"stats":{"minecraft:killed":{"minecraft:cave_spider":2,"minecraft:witch":1,"minecraft:spider":3,"minecraft:skeleton":6,"minecraft:chicken":5,"minecraft:axolotl":1,"minecraft:drowned":1,"minecraft:salmon":9,"minecraft:creeper":2,"minecraft:sheep":4,"minecraft:zombie":8,"minecraft:enderman":1,"minecraft:cow":9},"minecraft:dropped":{"minecraft:water_bucket":1,"minecraft:clay":1,"minecraft:moss_block":3,"minecraft:wheat_seeds":1,"minecraft:iron_helmet":1,"minecraft:oak_fence":5,"minecraft:feather":5,"minecraft:cobblestone":1,"minecraft:granite":7,"minecraft:rail":1,"minecraft:dirt":3,"minecraft:diorite":2,"minecraft:wooden_axe":2,"minecraft:iron_leggings":1,"minecraft:spruce_sapling":34,"minecraft:moss_carpet":11,"minecraft:stone_axe":1,"minecraft:sweet_berries":3,"minecraft:sugar_cane":2,"minecraft:detector_rail":4,"minecraft:rotten_flesh":4,"minecraft:iron_boots":1,"minecraft:iron_chestplate":1,"minecraft:andesite":4,"minecraft:azalea":1,"minecraft:spider_eye":2,"minecraft:spruce_slab":6,"minecraft:wooden_pickaxe":1,"minecraft:stone_pickaxe":1},"minecraft:used":{"minecraft:tropical_fish":2,"minecraft:stone_shovel":23,"minecraft:chest":2,"minecraft:spruce_planks":74,"minecraft:shield":15,"minecraft:iron_sword":47,"minecraft:cooked_salmon":2,"minecraft:torch":242,"minecraft:dirt":3,"minecraft:wooden_axe":144,"minecraft:iron_axe":210,"minecraft:sweet_berries":2,"minecraft:furnace":7,"minecraft:cooked_beef":5,"minecraft:cooked_mutton":6,"minecraft:water_bucket":2,"minecraft:stone_pickaxe":40,"minecraft:wooden_pickaxe":7,"minecraft:spruce_sign":1,"minecraft:clay":8,"minecraft:white_wool":2,"minecraft:salmon":6,"minecraft:glow_berries":39,"minecraft:mossy_cobblestone":36,"minecraft:crafting_table":10,"minecraft:white_bed":1,"minecraft:spruce_log":65,"minecraft:smoker":1,"minecraft:iron_pickaxe":353,"minecraft:stone_axe":31,"minecraft:cobblestone":63,"minecraft:andesite":2,"minecraft:bucket":2},"minecraft:crafted":{"minecraft:brick":7,"minecraft:stone_shovel":1,"minecraft:cooked_chicken":5,"minecraft:furnace":3,"minecraft:cooked_mutton":6,"minecraft:iron_boots":2,"minecraft:iron_axe":1,"minecraft:spruce_slab":6,"minecraft:stone_pickaxe":1,"minecraft:chest":2,"minecraft:smoker":1,"minecraft:cooked_beef":17,"minecraft:spruce_sign":3,"minecraft:crafting_table":4,"minecraft:spruce_planks":192,"minecraft:wooden_pickaxe":1,"minecraft:iron_helmet":2,"minecraft:iron_sword":1,"minecraft:cooked_salmon":2,"minecraft:stone_axe":1,"minecraft:air":0,"minecraft:iron_chestplate":2,"minecraft:charcoal":8,"minecraft:shield":1,"minecraft:stick":80,"minecraft:iron_ingot":81,"minecraft:iron_pickaxe":2,"minecraft:wooden_axe":3,"minecraft:iron_leggings":2,"minecraft:white_bed":1,"minecraft:torch":248,"minecraft:clay":8},"minecraft:custom":{"minecraft:mob_kills":52,"minecraft:interact_with_crafting_table":34,"minecraft:leave_game":2,"minecraft:time_since_death":98400,"minecraft:climb_one_cm":633,"minecraft:sprint_one_cm":201118,"minecraft:walk_one_cm":292430,"minecraft:damage_blocked_by_shield":365,"minecraft:drop":75,"minecraft:play_time":98400,"minecraft:sneak_time":2587,"minecraft:walk_under_water_one_cm":11307,"minecraft:jump":1194,"minecraft:walk_on_water_one_cm":27020,"minecraft:total_world_time":98400,"minecraft:interact_with_furnace":57,"minecraft:time_since_rest":98400,"minecraft:damage_taken":1189,"minecraft:damage_dealt":6856,"minecraft:swim_one_cm":37218,"minecraft:fly_one_cm":143692,"minecraft:open_chest":3,"minecraft:crouch_one_cm":8563,"minecraft:interact_with_smoker":3,"minecraft:fall_one_cm":25463},"minecraft:mined":{"minecraft:spruce_planks":23,"minecraft:mossy_cobblestone":40,"minecraft:cave_vines_plant":24,"minecraft:granite":7,"minecraft:spruce_leaves":49,"minecraft:moss_block":5,"minecraft:spawner":1,"minecraft:large_fern":2,"minecraft:tall_seagrass":1,"minecraft:furnace":5,"minecraft:iron_ore":92,"minecraft:andesite":4,"minecraft:moss_carpet":1,"minecraft:cave_vines":62,"minecraft:vine":2,"minecraft:stone":93,"minecraft:white_wool":1,"minecraft:podzol":3,"minecraft:clay":16,"minecraft:crafting_table":7,"minecraft:torch":6,"minecraft:tall_grass":2,"minecraft:cobblestone":21,"minecraft:lapis_ore":6,"minecraft:sugar_cane":2,"minecraft:diorite":2,"minecraft:wall_torch":3,"minecraft:sweet_berry_bush":3,"minecraft:spruce_log":239,"minecraft:grass":6,"minecraft:coal_ore":103,"minecraft:dirt":3,"minecraft:fern":1},"minecraft:picked_up":{"minecraft:wooden_axe":1,"minecraft:crafting_table":7,"minecraft:chicken":5,"minecraft:clay_ball":64,"minecraft:wooden_pickaxe":1,"minecraft:potion":1,"minecraft:string":4,"minecraft:moss_carpet":11,"minecraft:spruce_planks":5,"minecraft:beef":17,"minecraft:azalea":1,"minecraft:sugar_cane":2,"minecraft:furnace":5,"minecraft:stick":25,"minecraft:raw_iron":87,"minecraft:oak_fence":5,"minecraft:torch":14,"minecraft:diorite":2,"minecraft:rotten_flesh":6,"minecraft:arrow":2,"minecraft:tropical_fish":2,"minecraft:mutton":6,"minecraft:glow_berries":38,"minecraft:white_wool":6,"minecraft:rail":1,"minecraft:cobblestone":115,"minecraft:feather":5,"minecraft:water_bucket":1,"minecraft:andesite":6,"minecraft:salmon":9,"minecraft:leather":12,"minecraft:gunpowder":5,"minecraft:lapis_lazuli":32,"minecraft:dirt":6,"minecraft:bone":2,"minecraft:wheat_seeds":1,"minecraft:moss_block":3,"minecraft:oak_planks":1,"minecraft:sweet_berries":5,"minecraft:spruce_sapling":39,"minecraft:spruce_log":236,"minecraft:spider_eye":2,"minecraft:mossy_cobblestone":39,"minecraft:clay":1,"minecraft:granite":7,"minecraft:coal":110,"minecraft:ender_pearl":1},"minecraft:broken":{"minecraft:iron_pickaxe":1,"minecraft:wooden_axe":1}},"DataVersion":3105}