{"stats":{"minecraft:killed":{"minecraft:cave_spider":2,"minecraft:witch":1,"minecraft:salmon":8,"minecraft:spider":1,"minecraft:creeper":2,"minecraft:skeleton":2,"minecraft:sheep":4,"minecraft:zombie":4,"minecraft:axolotl":1},"minecraft:dropped":{"minecraft:moss_carpet":1,"minecraft:sweet_berries":3,"minecraft:wheat_seeds":1,"minecraft:detector_rail":4,"minecraft:cobblestone":1,"minecraft:rotten_flesh":2,"minecraft:wooden_axe":2,"minecraft:spider_eye":1,"minecraft:wooden_pickaxe":1,"minecraft:stone_pickaxe":1},"minecraft:used":{"minecraft:cooked_mutton":6,"minecraft:stone_shovel":12,"minecraft:stone_pickaxe":40,"minecraft:shield":7,"minecraft:spruce_planks":74,"minecraft:wooden_pickaxe":7,"minecraft:cooked_salmon":2,"minecraft:white_wool":2,"minecraft:salmon":6,"minecraft:torch":125,"minecraft:glow_berries":22,"minecraft:crafting_table":10,"minecraft:spruce_log":61,"minecraft:wooden_axe":144,"minecraft:iron_axe":18,"minecraft:iron_pickaxe":223,"minecraft:stone_axe":31,"minecraft:cobblestone":38,"minecraft:sweet_berries":2,"minecraft:furnace":5,"minecraft:andesite":2},"minecraft:crafted":{"minecraft:stone_shovel":1,"minecraft:crafting_table":4,"minecraft:spruce_planks":160,"minecraft:iron_helmet":1,"minecraft:wooden_pickaxe":1,"minecraft:furnace":2,"minecraft:cooked_salmon":2,"minecraft:stone_axe":1,"minecraft:cooked_mutton":6,"minecraft:air":0,"minecraft:iron_boots":1,"minecraft:iron_chestplate":1,"minecraft:charcoal":8,"minecraft:shield":1,"minecraft:iron_axe":1,"minecraft:stick":40,"minecraft:iron_ingot":28,"minecraft:iron_pickaxe":1,"minecraft:stone_pickaxe":1,"minecraft:wooden_axe":3,"minecraft:iron_leggings":1,"minecraft:torch":116},"minecraft:custom":{"minecraft:interact_with_furnace":39,"minecraft:mob_kills":25,"minecraft:interact_with_crafting_table":21,"minecraft:time_since_death":59984,"minecraft:climb_one_cm":438,"minecraft:time_since_rest":59984,"minecraft:sprint_one_cm":90461,"minecraft:damage_taken":875,"minecraft:walk_one_cm":169455,"minecraft:damage_blocked_by_shield":150,"minecraft:drop":17,"minecraft:damage_dealt":3106,"minecraft:swim_one_cm":23344,"minecraft:fly_one_cm":76620,"minecraft:crouch_one_cm":8199,"minecraft:play_time":59984,"minecraft:sneak_time":2392,"minecraft:walk_under_water_one_cm":6650,"minecraft:jump":687,"minecraft:walk_on_water_one_cm":17207,"minecraft:total_world_time":59984,"minecraft:fall_one_cm":16257},"minecraft:mined":{"minecraft:podzol":2,"minecraft:spruce_planks":23,"minecraft:clay":7,"minecraft:crafting_table":6,"minecraft:torch":6,"minecraft:cave_vines_plant":21,"minecraft:granite":2,"minecraft:tall_grass":1,"minecraft:cobblestone":2,"minecraft:lapis_ore":6,"minecraft:spruce_leaves":4,"minecraft:sugar_cane":2,"minecraft:moss_block":4,"minecraft:wall_torch":3,"minecraft:spawner":1,"minecraft:tall_seagrass":1,"minecraft:furnace":3,"minecraft:iron_ore":64,"minecraft:sweet_berry_bush":3,"minecraft:spruce_log":110,"minecraft:andesite":4,"minecraft:moss_carpet":1,"minecraft:grass":4,"minecraft:coal_ore":90,"minecraft:cave_vines":58,"minecraft:dirt":1,"minecraft:stone":84,"minecraft:white_wool":1},"minecraft:picked_up":{"minecraft:wooden_axe":1,"minecraft:crafting_table":6,"minecraft:clay_ball":28,"minecraft:andesite":4,"minecraft:salmon":8,"minecraft:wooden_pickaxe":1,"minecraft:potion":1,"minecraft:gunpowder":5,"minecraft:lapis_lazuli":32,"minecraft:moss_carpet":10,"minecraft:string":1,"minecraft:dirt":3,"minecraft:wheat_seeds":1,"minecraft:spruce_planks":5,"minecraft:azalea":1,"minecraft:moss_block":2,"minecraft:sugar_cane":2,"minecraft:oak_planks":1,"minecraft:furnace":3,"minecraft:stick":7,"minecraft:raw_iron":59,"minecraft:sweet_berries":5,"minecraft:oak_fence":3,"minecraft:torch":10,"minecraft:spruce_sapling":10,"minecraft:spruce_log":109,"minecraft:spider_eye":1,"minecraft:rotten_flesh":2,"minecraft:granite":2,"minecraft:glow_berries":35,"minecraft:mutton":6,"minecraft:coal":89,"minecraft:white_wool":6,"minecraft:cobblestone":88},"minecraft:broken":{"minecraft:wooden_axe":1}},"DataVersion":3105}