{"stats":{"minecraft:killed":{"minecraft:cave_spider":2,"minecraft:witch":1,"minecraft:salmon":8,"minecraft:spider":1,"minecraft:skeleton":2,"minecraft:sheep":4,"minecraft:zombie":2,"minecraft:axolotl":1},"minecraft:dropped":{"minecraft:sweet_berries":3,"minecraft:wooden_axe":2,"minecraft:wooden_pickaxe":1,"minecraft:stone_pickaxe":1},"minecraft:used":{"minecraft:cooked_mutton":6,"minecraft:stone_shovel":11,"minecraft:stone_pickaxe":40,"minecraft:shield":7,"minecraft:spruce_planks":63,"minecraft:wooden_pickaxe":7,"minecraft:cooked_salmon":2,"minecraft:white_wool":2,"minecraft:salmon":6,"minecraft:torch":67,"minecraft:glow_berries":14,"minecraft:crafting_table":8,"minecraft:spruce_log":61,"minecraft:wooden_axe":144,"minecraft:iron_axe":3,"minecraft:iron_pickaxe":94,"minecraft:stone_axe":31,"minecraft:cobblestone":21,"minecraft:sweet_berries":2,"minecraft:furnace":3},"minecraft:crafted":{"minecraft:stone_shovel":1,"minecraft:crafting_table":4,"minecraft:spruce_planks":160,"minecraft:wooden_pickaxe":1,"minecraft:furnace":1,"minecraft:cooked_salmon":2,"minecraft:stone_axe":1,"minecraft:cooked_mutton":6,"minecraft:air":0,"minecraft:iron_chestplate":1,"minecraft:charcoal":8,"minecraft:shield":1,"minecraft:iron_axe":1,"minecraft:stick":32,"minecraft:iron_ingot":15,"minecraft:iron_pickaxe":1,"minecraft:stone_pickaxe":1,"minecraft:wooden_axe":3,"minecraft:torch":76},"minecraft:custom":{"minecraft:interact_with_furnace":27,"minecraft:mob_kills":21,"minecraft:interact_with_crafting_table":13,"minecraft:time_since_death":47984,"minecraft:climb_one_cm":438,"minecraft:time_since_rest":47984,"minecraft:sprint_one_cm":65367,"minecraft:damage_taken":800,"minecraft:walk_one_cm":122530,"minecraft:damage_blocked_by_shield":150,"minecraft:drop":7,"minecraft:damage_dealt":2255,"minecraft:swim_one_cm":23344,"minecraft:fly_one_cm":73111,"minecraft:crouch_one_cm":7619,"minecraft:play_time":47984,"minecraft:sneak_time":1866,"minecraft:walk_under_water_one_cm":6145,"minecraft:jump":571,"minecraft:walk_on_water_one_cm":12725,"minecraft:total_world_time":47984,"minecraft:fall_one_cm":13696},"minecraft:mined":{"minecraft:podzol":2,"minecraft:spruce_planks":23,"minecraft:clay":7,"minecraft:crafting_table":5,"minecraft:torch":5,"minecraft:cave_vines_plant":16,"minecraft:tall_grass":1,"minecraft:cobblestone":2,"minecraft:spruce_leaves":4,"minecraft:sugar_cane":2,"minecraft:moss_block":2,"minecraft:wall_torch":3,"minecraft:spawner":1,"minecraft:tall_seagrass":1,"minecraft:furnace":2,"minecraft:iron_ore":26,"minecraft:sweet_berry_bush":3,"minecraft:spruce_log":110,"minecraft:grass":4,"minecraft:coal_ore":67,"minecraft:cave_vines":51,"minecraft:dirt":1,"minecraft:stone":37},"minecraft:picked_up":{"minecraft:wooden_axe":1,"minecraft:crafting_table":5,"minecraft:clay_ball":28,"minecraft:salmon":8,"minecraft:wooden_pickaxe":1,"minecraft:potion":1,"minecraft:gunpowder":1,"minecraft:string":1,"minecraft:dirt":3,"minecraft:wheat_seeds":1,"minecraft:spruce_planks":5,"minecraft:azalea":1,"minecraft:sugar_cane":2,"minecraft:furnace":2,"minecraft:stick":7,"minecraft:raw_iron":26,"minecraft:sweet_berries":5,"minecraft:torch":8,"minecraft:spruce_sapling":10,"minecraft:spruce_log":109,"minecraft:spider_eye":1,"minecraft:glow_berries":26,"minecraft:mutton":6,"minecraft:coal":65,"minecraft:white_wool":5,"minecraft:cobblestone":39},"minecraft:broken":{"minecraft:wooden_axe":1}},"DataVersion":3105}