{"stats":{"minecraft:killed":{"minecraft:cave_spider":2,"minecraft:witch":1,"minecraft:salmon":9,"minecraft:spider":3,"minecraft:creeper":2,"minecraft:skeleton":5,"minecraft:sheep":4,"minecraft:zombie":8,"minecraft:chicken":5,"minecraft:axolotl":1,"minecraft:cow":9,"minecraft:enderman":1},"minecraft:dropped":{"minecraft:clay":1,"minecraft:moss_carpet":11,"minecraft:moss_block":3,"minecraft:sweet_berries":3,"minecraft:sugar_cane":2,"minecraft:wheat_seeds":1,"minecraft:detector_rail":4,"minecraft:oak_fence":5,"minecraft:iron_helmet":1,"minecraft:cobblestone":1,"minecraft:rotten_flesh":4,"minecraft:iron_boots":1,"minecraft:granite":7,"minecraft:rail":1,"minecraft:dirt":3,"minecraft:diorite":2,"minecraft:iron_chestplate":1,"minecraft:andesite":4,"minecraft:wooden_axe":2,"minecraft:azalea":1,"minecraft:iron_leggings":1,"minecraft:spider_eye":2,"minecraft:wooden_pickaxe":1,"minecraft:stone_pickaxe":1,"minecraft:spruce_sapling":7},"minecraft:used":{"minecraft:cooked_mutton":6,"minecraft:tropical_fish":2,"minecraft:stone_shovel":12,"minecraft:stone_pickaxe":40,"minecraft:shield":14,"minecraft:spruce_planks":74,"minecraft:wooden_pickaxe":7,"minecraft:iron_sword":43,"minecraft:cooked_salmon":2,"minecraft:white_wool":2,"minecraft:salmon":6,"minecraft:torch":229,"minecraft:glow_berries":39,"minecraft:crafting_table":10,"minecraft:smoker":1,"minecraft:spruce_log":61,"minecraft:wooden_axe":144,"minecraft:iron_axe":49,"minecraft:iron_pickaxe":300,"minecraft:stone_axe":31,"minecraft:cobblestone":63,"minecraft:sweet_berries":2,"minecraft:furnace":7,"minecraft:andesite":2,"minecraft:cooked_beef":2},"minecraft:crafted":{"minecraft:cooked_beef":17,"minecraft:stone_shovel":1,"minecraft:cooked_chicken":5,"minecraft:crafting_table":4,"minecraft:spruce_planks":160,"minecraft:iron_helmet":2,"minecraft:wooden_pickaxe":1,"minecraft:iron_sword":1,"minecraft:furnace":3,"minecraft:cooked_salmon":2,"minecraft:stone_axe":1,"minecraft:cooked_mutton":6,"minecraft:air":0,"minecraft:iron_boots":2,"minecraft:iron_chestplate":2,"minecraft:charcoal":8,"minecraft:shield":1,"minecraft:iron_axe":1,"minecraft:stick":76,"minecraft:iron_ingot":60,"minecraft:iron_pickaxe":2,"minecraft:stone_pickaxe":1,"minecraft:wooden_axe":3,"minecraft:iron_leggings":2,"minecraft:torch":248,"minecraft:smoker":1},"minecraft:custom":{"minecraft:interact_with_furnace":54,"minecraft:mob_kills":50,"minecraft:interact_with_crafting_table":32,"minecraft:time_since_death":83984,"minecraft:climb_one_cm":633,"minecraft:time_since_rest":83984,"minecraft:sprint_one_cm":170239,"minecraft:damage_taken":1099,"minecraft:walk_one_cm":242418,"minecraft:damage_blocked_by_shield":335,"minecraft:drop":70,"minecraft:damage_dealt":6367,"minecraft:swim_one_cm":36395,"minecraft:fly_one_cm":123998,"minecraft:open_chest":1,"minecraft:crouch_one_cm":8332,"minecraft:play_time":83984,"minecraft:sneak_time":2446,"minecraft:walk_under_water_one_cm":9569,"minecraft:jump":1034,"minecraft:walk_on_water_one_cm":26612,"minecraft:interact_with_smoker":3,"minecraft:total_world_time":83984,"minecraft:fall_one_cm":22437},"minecraft:mined":{"minecraft:podzol":2,"minecraft:spruce_planks":23,"minecraft:clay":8,"minecraft:crafting_table":7,"minecraft:torch":6,"minecraft:cave_vines_plant":24,"minecraft:granite":7,"minecraft:tall_grass":2,"minecraft:cobblestone":16,"minecraft:lapis_ore":6,"minecraft:spruce_leaves":8,"minecraft:sugar_cane":2,"minecraft:moss_block":5,"minecraft:diorite":2,"minecraft:wall_torch":3,"minecraft:spawner":1,"minecraft:tall_seagrass":1,"minecraft:furnace":5,"minecraft:iron_ore":92,"minecraft:sweet_berry_bush":3,"minecraft:spruce_log":117,"minecraft:andesite":4,"minecraft:moss_carpet":1,"minecraft:grass":5,"minecraft:coal_ore":103,"minecraft:cave_vines":62,"minecraft:vine":2,"minecraft:dirt":1,"minecraft:stone":93,"minecraft:fern":1,"minecraft:white_wool":1},"minecraft:picked_up":{"minecraft:wooden_axe":1,"minecraft:crafting_table":7,"minecraft:feather":5,"minecraft:chicken":5,"minecraft:clay_ball":32,"minecraft:andesite":6,"minecraft:salmon":9,"minecraft:leather":12,"minecraft:wooden_pickaxe":1,"minecraft:potion":1,"minecraft:gunpowder":5,"minecraft:lapis_lazuli":32,"minecraft:moss_carpet":11,"minecraft:string":4,"minecraft:dirt":3,"minecraft:bone":1,"minecraft:wheat_seeds":1,"minecraft:spruce_planks":5,"minecraft:beef":17,"minecraft:azalea":1,"minecraft:moss_block":3,"minecraft:sugar_cane":2,"minecraft:oak_planks":1,"minecraft:furnace":5,"minecraft:stick":7,"minecraft:raw_iron":87,"minecraft:sweet_berries":5,"minecraft:oak_fence":5,"minecraft:torch":12,"minecraft:spruce_sapling":13,"minecraft:diorite":2,"minecraft:spruce_log":116,"minecraft:spider_eye":2,"minecraft:arrow":2,"minecraft:rotten_flesh":6,"minecraft:clay":1,"minecraft:tropical_fish":2,"minecraft:granite":7,"minecraft:glow_berries":38,"minecraft:mutton":6,"minecraft:coal":110,"minecraft:rail":1,"minecraft:white_wool":6,"minecraft:cobblestone":110,"minecraft:ender_pearl":1},"minecraft:broken":{"minecraft:iron_pickaxe":1,"minecraft:wooden_axe":1}},"DataVersion":3105}