{"stats":{"minecraft:killed":{"minecraft:salmon":8},"minecraft:used":{"minecraft:salmon":4,"minecraft:wooden_axe":33,"minecraft:crafting_table":1},"minecraft:crafted":{"minecraft:crafting_table":1,"minecraft:spruce_planks":24,"minecraft:stick":8,"minecraft:wooden_pickaxe":1,"minecraft:wooden_axe":1},"minecraft:custom":{"minecraft:time_since_rest":5984,"minecraft:crouch_one_cm":110,"minecraft:play_time":5984,"minecraft:sprint_one_cm":14290,"minecraft:damage_taken":54,"minecraft:walk_one_cm":10344,"minecraft:sneak_time":40,"minecraft:walk_under_water_one_cm":3925,"minecraft:mob_kills":8,"minecraft:jump":140,"minecraft:damage_dealt":315,"minecraft:walk_on_water_one_cm":2570,"minecraft:time_since_death":5984,"minecraft:total_world_time":5984,"minecraft:swim_one_cm":13194,"minecraft:fall_one_cm":4565,"minecraft:interact_with_crafting_table":1,"minecraft:fly_one_cm":28758},"minecraft:picked_up":{"minecraft:crafting_table":1,"minecraft:sweet_berries":5,"minecraft:salmon":8,"minecraft:spruce_sapling":1,"minecraft:spruce_log":23,"minecraft:sugar_cane":2,"minecraft:white_wool":1},"minecraft:mined":{"minecraft:tall_seagrass":1,"minecraft:sweet_berry_bush":2,"minecraft:spruce_log":25,"minecraft:sugar_cane":2,"minecraft:crafting_table":1}},"DataVersion":3105}