{"stats":{"minecraft:picked_up":{"minecraft:wooden_axe":1,"minecraft:iron_chestplate":1,"minecraft:crafting_table":1,"minecraft:cooked_beef":4,"minecraft:andesite":4,"minecraft:leather":8,"minecraft:wooden_pickaxe":2,"minecraft:tuff":2,"minecraft:oak_log":2,"minecraft:dirt":4,"minecraft:red_bed":2,"minecraft:wooden_sword":1,"minecraft:iron_leggings":1,"minecraft:acacia_planks":3,"minecraft:wheat_seeds":90,"minecraft:gold_nugget":3,"minecraft:cobbled_deepslate":129,"minecraft:raw_gold":2,"minecraft:beef":9,"minecraft:poppy":4,"minecraft:iron_pickaxe":2,"minecraft:iron_sword":1,"minecraft:acacia_sapling":3,"minecraft:iron_boots":1,"minecraft:furnace":3,"minecraft:egg":1,"minecraft:stick":1,"minecraft:raw_iron":46,"minecraft:cooked_porkchop":4,"minecraft:acacia_fence":12,"minecraft:pumpkin":1,"minecraft:torch":13,"minecraft:acacia_log":2,"minecraft:stripped_acacia_wood":1,"minecraft:raw_iron_block":2,"minecraft:porkchop":9,"minecraft:acacia_stairs":3,"minecraft:red_terracotta":45,"minecraft:spider_eye":2,"minecraft:orange_bed":2,"minecraft:rotten_flesh":9,"minecraft:iron_helmet":1,"minecraft:granite":15,"minecraft:yellow_terracotta":44,"minecraft:melon_seeds":2,"minecraft:mutton":10,"minecraft:coal":25,"minecraft:white_wool":6,"minecraft:cobblestone":202,"minecraft:diamond_pickaxe":1},"minecraft:broken":{"minecraft:stone_pickaxe":1},"minecraft:dropped":{"minecraft:bread":6,"minecraft:wheat_seeds":2,"minecraft:stripped_acacia_wood":1,"minecraft:spider_eye":1,"minecraft:stone_pickaxe":1},"minecraft:crafted":{"minecraft:wooden_sword":1,"minecraft:oak_planks":8,"minecraft:cooked_porkchop":3,"minecraft:crafting_table":1,"minecraft:furnace":1,"minecraft:cooked_mutton":3,"minecraft:stick":8,"minecraft:iron_ingot":5,"minecraft:stone_pickaxe":2,"minecraft:wooden_axe":1,"minecraft:stone_sword":1,"minecraft:acacia_planks":4},"minecraft:custom":{"minecraft:interact_with_furnace":16,"minecraft:mob_kills":12,"minecraft:interact_with_crafting_table":12,"minecraft:leave_game":2,"minecraft:time_since_death":44562,"minecraft:sleep_in_bed":2,"minecraft:time_since_rest":44724,"minecraft:sprint_one_cm":377086,"minecraft:damage_taken":1351,"minecraft:walk_one_cm":351496,"minecraft:drop":6,"minecraft:damage_dealt":1300,"minecraft:swim_one_cm":8673,"minecraft:fly_one_cm":179677,"minecraft:open_chest":4,"minecraft:crouch_one_cm":155,"minecraft:play_time":115121,"minecraft:deaths":1,"minecraft:sneak_time":123,"minecraft:walk_under_water_one_cm":24092,"minecraft:jump":2111,"minecraft:interact_with_brewingstand":1,"minecraft:walk_on_water_one_cm":18686,"minecraft:total_world_time":115121,"minecraft:fall_one_cm":52578},"minecraft:killed":{"minecraft:pig":3,"minecraft:sheep":3,"minecraft:zombie":3,"minecraft:cow":3},"minecraft:mined":{"minecraft:yellow_terracotta":51,"minecraft:tuff":2,"minecraft:red_bed":1,"minecraft:melon_stem":1,"minecraft:crafting_table":1,"minecraft:torch":1,"minecraft:acacia_log":2,"minecraft:grass_block":2,"minecraft:poppy":4,"minecraft:tall_grass":7,"minecraft:cobblestone":11,"minecraft:wall_torch":8,"minecraft:red_terracotta":49,"minecraft:furnace":2,"minecraft:cobbled_deepslate":5,"minecraft:iron_ore":22,"minecraft:wheat":52,"minecraft:acacia_stairs":3,"minecraft:andesite":4,"minecraft:pumpkin":1,"minecraft:grass":60,"minecraft:oak_log":2,"minecraft:coal_ore":10,"minecraft:deepslate_iron_ore":28,"minecraft:acacia_fence":12,"minecraft:dirt":2,"minecraft:stripped_acacia_wood":1,"minecraft:stone":154,"minecraft:gold_ore":2,"minecraft:deepslate":121,"minecraft:oak_leaves":4,"minecraft:orange_bed":2},"minecraft:used":{"minecraft:cooked_mutton":3,"minecraft:acacia_log":1,"minecraft:stone_pickaxe":257,"minecraft:iron_sword":8,"minecraft:orange_bed":2,"minecraft:torch":2,"minecraft:dirt":4,"minecraft:mutton":2,"minecraft:crafting_table":2,"minecraft:granite":1,"minecraft:wooden_axe":27,"minecraft:bread":7,"minecraft:iron_pickaxe":218,"minecraft:melon_seeds":2,"minecraft:wooden_sword":145,"minecraft:cobblestone":100,"minecraft:beef":3,"minecraft:cooked_porkchop":7,"minecraft:porkchop":3,"minecraft:cooked_beef":2,"minecraft:cobbled_deepslate":13}},"DataVersion":3105}