{"stats":{"minecraft:picked_up":{"minecraft:crafting_table":4,"minecraft:feather":4,"minecraft:chicken":3,"minecraft:leather":7,"minecraft:brown_wool":2,"minecraft:oak_log":12,"minecraft:acacia_boat":1,"minecraft:dirt":17,"minecraft:string":3,"minecraft:acacia_door":1,"minecraft:bone":4,"minecraft:acacia_planks":55,"minecraft:wheat_seeds":7,"minecraft:beef":11,"minecraft:stone_pickaxe":1,"minecraft:iron_pickaxe":1,"minecraft:light_gray_wool":4,"minecraft:egg":4,"minecraft:furnace":1,"minecraft:raw_iron":77,"minecraft:cooked_porkchop":3,"minecraft:torch":4,"minecraft:acacia_log":55,"minecraft:porkchop":20,"minecraft:ink_sac":1,"minecraft:acacia_stairs":4,"minecraft:arrow":3,"minecraft:rotten_flesh":9,"minecraft:emerald":12,"minecraft:cod":3,"minecraft:mutton":17,"minecraft:coal":116,"minecraft:white_wool":6,"minecraft:cobblestone":88,"minecraft:diamond_pickaxe":1},"minecraft:dropped":{"minecraft:wheat_seeds":1,"minecraft:cooked_beef":4,"minecraft:cooked_porkchop":17,"minecraft:rotten_flesh":4,"minecraft:iron_pickaxe":1},"minecraft:custom":{"minecraft:interact_with_furnace":42,"minecraft:mob_kills":40,"minecraft:interact_with_crafting_table":36,"minecraft:leave_game":2,"minecraft:time_since_death":121364,"minecraft:sleep_in_bed":8,"minecraft:time_since_rest":36,"minecraft:sprint_one_cm":305369,"minecraft:damage_taken":1350,"minecraft:walk_one_cm":271856,"minecraft:damage_blocked_by_shield":20,"minecraft:drop":24,"minecraft:damage_dealt":4512,"minecraft:swim_one_cm":3148,"minecraft:player_kills":1,"minecraft:fly_one_cm":423764,"minecraft:open_chest":27,"minecraft:crouch_one_cm":3846,"minecraft:play_time":121364,"minecraft:sneak_time":1564,"minecraft:walk_under_water_one_cm":13561,"minecraft:boat_one_cm":23288,"minecraft:jump":2860,"minecraft:walk_on_water_one_cm":5096,"minecraft:total_world_time":121364,"minecraft:fish_caught":3,"minecraft:fall_one_cm":94896},"minecraft:crafted":{"minecraft:cooked_beef":11,"minecraft:cooked_cod":3,"minecraft:wooden_sword":1,"minecraft:oak_planks":44,"minecraft:fishing_rod":1,"minecraft:cooked_porkchop":20,"minecraft:crafting_table":1,"minecraft:wooden_pickaxe":1,"minecraft:iron_helmet":1,"minecraft:cooked_chicken":3,"minecraft:iron_sword":1,"minecraft:furnace":2,"minecraft:bucket":2,"minecraft:oak_wood":3,"minecraft:acacia_stairs":18,"minecraft:stone_axe":1,"minecraft:acacia_boat":1,"minecraft:cooked_mutton":17,"minecraft:air":0,"minecraft:light_gray_bed":1,"minecraft:iron_boots":1,"minecraft:iron_chestplate":1,"minecraft:shield":1,"minecraft:iron_axe":1,"minecraft:stick":72,"minecraft:iron_ingot":67,"minecraft:iron_pickaxe":2,"minecraft:stone_pickaxe":1,"minecraft:wooden_axe":1,"minecraft:stone_sword":1,"minecraft:chest":8,"minecraft:acacia_door":3,"minecraft:iron_leggings":1,"minecraft:acacia_planks":220,"minecraft:torch":208,"minecraft:shears":1},"minecraft:killed":{"minecraft:pig":10,"minecraft:spider":3,"minecraft:sheep":12,"minecraft:skeleton":1,"minecraft:zombie":6,"minecraft:chicken":3,"minecraft:cow":5},"minecraft:mined":{"minecraft:acacia_leaves":2,"minecraft:crafting_table":2,"minecraft:acacia_log":55,"minecraft:emerald_ore":12,"minecraft:grass_block":1,"minecraft:cobblestone":1,"minecraft:tall_grass":4,"minecraft:wall_torch":2,"minecraft:furnace":1,"minecraft:iron_ore":68,"minecraft:acacia_stairs":4,"minecraft:grass":41,"minecraft:coal_ore":80,"minecraft:oak_log":12,"minecraft:dirt":17,"minecraft:acacia_planks":5,"minecraft:stone":82,"minecraft:oak_leaves":1},"minecraft:used":{"minecraft:cooked_mutton":17,"minecraft:acacia_boat":2,"minecraft:stone_pickaxe":21,"minecraft:oak_planks":2,"minecraft:shield":1,"minecraft:chest":8,"minecraft:wooden_pickaxe":23,"minecraft:iron_sword":157,"minecraft:cooked_chicken":3,"minecraft:torch":159,"minecraft:crafting_table":5,"minecraft:diamond_pickaxe":1,"minecraft:acacia_stairs":22,"minecraft:acacia_door":2,"minecraft:iron_axe":71,"minecraft:iron_pickaxe":217,"minecraft:stone_axe":2,"minecraft:fishing_rod":17,"minecraft:wooden_sword":8,"minecraft:cobblestone":36,"minecraft:cooked_cod":2,"minecraft:furnace":3,"minecraft:bucket":2,"minecraft:cooked_beef":7,"minecraft:acacia_planks":62,"minecraft:light_gray_bed":1}},"DataVersion":3105}