{"stats":{"minecraft:killed":{"minecraft:spider":1,"minecraft:skeleton":7,"minecraft:zombie":4},"minecraft:dropped":{"minecraft:stone_hoe":1,"minecraft:bread":5,"minecraft:moss_carpet":2,"minecraft:moss_block":8,"minecraft:brown_mushroom":2,"minecraft:tuff":4,"minecraft:cobblestone":24,"minecraft:rotten_flesh":4,"minecraft:big_dripleaf":1,"minecraft:potato":10,"minecraft:spruce_planks":12,"minecraft:wooden_axe":1,"minecraft:azalea":1,"minecraft:bone_meal":6,"minecraft:flowering_azalea":2,"minecraft:wooden_pickaxe":1},"minecraft:used":{"minecraft:stone_sword":36,"minecraft:stone_shovel":27,"minecraft:stone_pickaxe":378,"minecraft:shield":5,"minecraft:spruce_planks":37,"minecraft:wooden_pickaxe":30,"minecraft:iron_sword":19,"minecraft:torch":46,"minecraft:glow_berries":2,"minecraft:dirt":19,"minecraft:crafting_table":7,"minecraft:spruce_log":2,"minecraft:bread":6,"minecraft:iron_pickaxe":98,"minecraft:stone_axe":102,"minecraft:sweet_berries":42,"minecraft:furnace":2,"minecraft:cobbled_deepslate":25},"minecraft:crafted":{"minecraft:raw_iron":9,"minecraft:stone_shovel":1,"minecraft:crafting_table":5,"minecraft:spruce_planks":196,"minecraft:wooden_pickaxe":1,"minecraft:iron_sword":1,"minecraft:furnace":2,"minecraft:bone_meal":6,"minecraft:stone_axe":1,"minecraft:bread":7,"minecraft:air":0,"minecraft:iron_boots":1,"minecraft:iron_chestplate":1,"minecraft:shield":1,"minecraft:stick":28,"minecraft:iron_ingot":45,"minecraft:iron_pickaxe":1,"minecraft:stone_pickaxe":3,"minecraft:stone_sword":1,"minecraft:iron_leggings":1,"minecraft:torch":60,"minecraft:stone_hoe":1},"minecraft:custom":{"minecraft:interact_with_smithing_table":1,"minecraft:interact_with_furnace":11,"minecraft:mob_kills":13,"minecraft:interact_with_crafting_table":21,"minecraft:time_since_death":59809,"minecraft:climb_one_cm":1151,"minecraft:time_since_rest":59809,"minecraft:sprint_one_cm":162862,"minecraft:walk_one_cm":105661,"minecraft:damage_taken":544,"minecraft:damage_blocked_by_shield":220,"minecraft:drop":22,"minecraft:damage_dealt":2643,"minecraft:swim_one_cm":11034,"minecraft:fly_one_cm":207772,"minecraft:open_chest":4,"minecraft:crouch_one_cm":40421,"minecraft:play_time":59809,"minecraft:sneak_time":14598,"minecraft:walk_under_water_one_cm":3122,"minecraft:jump":1399,"minecraft:walk_on_water_one_cm":13185,"minecraft:total_world_time":59809,"minecraft:fall_one_cm":35561},"minecraft:mined":{"minecraft:podzol":4,"minecraft:tuff":1,"minecraft:spruce_planks":3,"minecraft:clay":16,"minecraft:crafting_table":3,"minecraft:cave_vines_plant":16,"minecraft:granite":15,"minecraft:deepslate_gold_ore":2,"minecraft:spruce_leaves":7,"minecraft:moss_block":7,"minecraft:large_fern":5,"minecraft:raw_iron_block":1,"minecraft:furnace":1,"minecraft:iron_ore":43,"minecraft:wheat":38,"minecraft:sweet_berry_bush":19,"minecraft:spruce_log":108,"minecraft:andesite":25,"minecraft:grass":3,"minecraft:potatoes":6,"minecraft:coal_ore":66,"minecraft:cave_vines":25,"minecraft:deepslate_iron_ore":93,"minecraft:gravel":5,"minecraft:dirt":17,"minecraft:stone":226,"minecraft:deepslate":25,"minecraft:fern":3},"minecraft:picked_up":{"minecraft:wooden_axe":1,"minecraft:crafting_table":3,"minecraft:wheat":21,"minecraft:clay_ball":64,"minecraft:andesite":25,"minecraft:brown_mushroom":2,"minecraft:potato":6,"minecraft:tuff":4,"minecraft:dirt":21,"minecraft:moss_carpet":2,"minecraft:bone":7,"minecraft:wheat_seeds":63,"minecraft:cobbled_deepslate":25,"minecraft:raw_gold":2,"minecraft:spruce_planks":4,"minecraft:azalea":1,"minecraft:moss_block":9,"minecraft:flowering_azalea":2,"minecraft:furnace":1,"minecraft:raw_iron":135,"minecraft:stick":5,"minecraft:sweet_berries":51,"minecraft:big_dripleaf":2,"minecraft:raw_iron_block":1,"minecraft:gravel":6,"minecraft:spruce_sapling":5,"minecraft:spruce_log":105,"minecraft:mossy_cobblestone":1,"minecraft:arrow":7,"minecraft:rotten_flesh":4,"minecraft:granite":12,"minecraft:glow_berries":38,"minecraft:coal":66,"minecraft:cobblestone":239},"minecraft:broken":{"minecraft:stone_pickaxe":2}},"DataVersion":3105}