{"stats":{"minecraft:killed":{"minecraft:skeleton":1,"minecraft:zombie":1},"minecraft:dropped":{"minecraft:bread":5,"minecraft:spruce_planks":12,"minecraft:wooden_axe":1,"minecraft:cobblestone":24,"minecraft:wooden_pickaxe":1},"minecraft:used":{"minecraft:stone_sword":10,"minecraft:bread":5,"minecraft:stone_pickaxe":30,"minecraft:spruce_planks":37,"minecraft:wooden_pickaxe":30,"minecraft:stone_axe":101,"minecraft:torch":4,"minecraft:dirt":7,"minecraft:crafting_table":4,"minecraft:sweet_berries":6,"minecraft:furnace":1,"minecraft:spruce_log":2},"minecraft:crafted":{"minecraft:crafting_table":3,"minecraft:spruce_planks":156,"minecraft:stick":8,"minecraft:wooden_pickaxe":1,"minecraft:stone_pickaxe":1,"minecraft:stone_sword":1,"minecraft:furnace":1,"minecraft:bone_meal":6,"minecraft:torch":12,"minecraft:stone_hoe":1,"minecraft:stone_axe":1,"minecraft:bread":7},"minecraft:custom":{"minecraft:time_since_rest":23809,"minecraft:interact_with_smithing_table":1,"minecraft:interact_with_furnace":2,"minecraft:sprint_one_cm":73914,"minecraft:damage_taken":105,"minecraft:walk_one_cm":41079,"minecraft:mob_kills":2,"minecraft:drop":10,"minecraft:damage_dealt":493,"minecraft:swim_one_cm":5012,"minecraft:interact_with_crafting_table":9,"minecraft:fly_one_cm":97998,"minecraft:open_chest":4,"minecraft:crouch_one_cm":18125,"minecraft:play_time":23809,"minecraft:sneak_time":5698,"minecraft:walk_under_water_one_cm":1392,"minecraft:jump":513,"minecraft:walk_on_water_one_cm":1994,"minecraft:time_since_death":23809,"minecraft:total_world_time":23809,"minecraft:fall_one_cm":13819},"minecraft:mined":{"minecraft:podzol":2,"minecraft:spruce_planks":3,"minecraft:wheat":38,"minecraft:sweet_berry_bush":19,"minecraft:spruce_log":108,"minecraft:crafting_table":2,"minecraft:potatoes":6,"minecraft:coal_ore":20,"minecraft:dirt":10,"minecraft:spruce_leaves":7,"minecraft:stone":40,"minecraft:fern":3,"minecraft:large_fern":5},"minecraft:picked_up":{"minecraft:wooden_axe":1,"minecraft:stick":5,"minecraft:crafting_table":2,"minecraft:wheat":21,"minecraft:sweet_berries":51,"minecraft:brown_mushroom":1,"minecraft:potato":6,"minecraft:spruce_sapling":5,"minecraft:spruce_log":105,"minecraft:mossy_cobblestone":1,"minecraft:dirt":12,"minecraft:bone":2,"minecraft:arrow":1,"minecraft:rotten_flesh":2,"minecraft:wheat_seeds":61,"minecraft:spruce_planks":4,"minecraft:coal":20,"minecraft:cobblestone":52}},"DataVersion":3105}