{"stats":{"minecraft:picked_up":{"minecraft:crafting_table":4,"minecraft:wheat":1,"minecraft:chicken":1,"minecraft:wooden_pickaxe":1,"minecraft:string":5,"minecraft:acacia_door":2,"minecraft:cobbled_deepslate":151,"minecraft:beef":12,"minecraft:iron_pickaxe":2,"minecraft:light_gray_wool":1,"minecraft:furnace":5,"minecraft:egg":1,"minecraft:raw_iron":125,"minecraft:torch":27,"minecraft:acacia_log":19,"minecraft:porkchop":5,"minecraft:diorite":10,"minecraft:arrow":11,"minecraft:rotten_flesh":11,"minecraft:mutton":26,"minecraft:white_wool":6,"minecraft:cobblestone":341,"minecraft:feather":2,"minecraft:salmon":4,"minecraft:andesite":1,"minecraft:brown_wool":1,"minecraft:leather":2,"minecraft:tuff":27,"minecraft:gunpowder":5,"minecraft:dirt":102,"minecraft:bone":11,"minecraft:acacia_planks":34,"minecraft:wheat_seeds":21,"minecraft:raw_gold":2,"minecraft:stone_pickaxe":2,"minecraft:iron_ingot":8,"minecraft:acacia_sapling":2,"minecraft:cooked_porkchop":9,"minecraft:pumpkin":1,"minecraft:raw_iron_block":1,"minecraft:white_bed":1,"minecraft:spider_eye":1,"minecraft:diamond":17,"minecraft:granite":14,"minecraft:bone_meal":6,"minecraft:bread":1,"minecraft:coal":406,"minecraft:black_wool":1,"minecraft:diamond_pickaxe":1},"minecraft:broken":{"minecraft:stone_pickaxe":2,"minecraft:iron_pickaxe":2},"minecraft:dropped":{"minecraft:iron_ingot":3,"minecraft:iron_sword":1,"minecraft:porkchop":1,"minecraft:wheat_seeds":21,"minecraft:cooked_beef":4,"minecraft:cooked_porkchop":3,"minecraft:cobblestone":98,"minecraft:feather":2,"minecraft:iron_helmet":1,"minecraft:granite":14,"minecraft:coal":19,"minecraft:dirt":23,"minecraft:diorite":10,"minecraft:torch":10,"minecraft:brown_wool":1,"minecraft:cooked_salmon":4,"minecraft:iron_leggings":1,"minecraft:bone_meal":1,"minecraft:pumpkin":1,"minecraft:iron_pickaxe":1,"minecraft:acacia_door":1,"minecraft:string":1,"minecraft:acacia_planks":31,"minecraft:stone_sword":1,"minecraft:cobbled_deepslate":4,"minecraft:tuff":7,"minecraft:wheat":1,"minecraft:rotten_flesh":11,"minecraft:light_gray_wool":1,"minecraft:iron_boots":1,"minecraft:cooked_mutton":3,"minecraft:white_bed":1,"minecraft:gunpowder":2,"minecraft:diamond_pickaxe":1,"minecraft:iron_chestplate":1,"minecraft:andesite":1,"minecraft:acacia_sapling":2,"minecraft:spider_eye":1,"minecraft:wooden_pickaxe":2,"minecraft:stone_pickaxe":3,"minecraft:raw_gold":2,"minecraft:black_wool":1},"minecraft:crafted":{"minecraft:raw_iron":9,"minecraft:stone_shovel":1,"minecraft:cooked_chicken":1,"minecraft:furnace":4,"minecraft:cooked_mutton":19,"minecraft:iron_boots":2,"minecraft:stone_pickaxe":3,"minecraft:chest":2,"minecraft:cooked_beef":10,"minecraft:cooked_porkchop":1,"minecraft:crafting_table":2,"minecraft:wooden_pickaxe":1,"minecraft:iron_helmet":2,"minecraft:iron_sword":2,"minecraft:cooked_salmon":4,"minecraft:bucket":1,"minecraft:stone_axe":1,"minecraft:air":0,"minecraft:iron_chestplate":2,"minecraft:diamond_pickaxe":1,"minecraft:shield":1,"minecraft:stick":68,"minecraft:iron_ingot":108,"minecraft:iron_pickaxe":2,"minecraft:stone_sword":1,"minecraft:acacia_door":3,"minecraft:iron_leggings":2,"minecraft:white_bed":2,"minecraft:acacia_planks":76,"minecraft:torch":136},"minecraft:custom":{"minecraft:mob_kills":60,"minecraft:interact_with_crafting_table":36,"minecraft:leave_game":3,"minecraft:time_since_death":98229,"minecraft:sprint_one_cm":232397,"minecraft:walk_one_cm":256841,"minecraft:damage_blocked_by_shield":320,"minecraft:drop":68,"minecraft:play_time":98229,"minecraft:sneak_time":12430,"minecraft:walk_under_water_one_cm":14582,"minecraft:jump":2427,"minecraft:walk_on_water_one_cm":21982,"minecraft:total_world_time":98229,"minecraft:interact_with_furnace":80,"minecraft:time_since_rest":98229,"minecraft:damage_taken":1421,"minecraft:damage_dealt":8632,"minecraft:swim_one_cm":41673,"minecraft:fly_one_cm":343949,"minecraft:open_chest":3,"minecraft:crouch_one_cm":37271,"minecraft:fall_one_cm":72582},"minecraft:killed":{"minecraft:cave_spider":2,"minecraft:witch":1,"minecraft:spider":4,"minecraft:skeleton":9,"minecraft:chicken":1,"minecraft:pig":3,"minecraft:salmon":4,"minecraft:creeper":3,"minecraft:sheep":9,"minecraft:zombie":20,"minecraft:cow":4},"minecraft:mined":{"minecraft:tuff":25,"minecraft:deepslate_diamond_ore":17,"minecraft:granite":14,"minecraft:acacia_log":19,"minecraft:grass_block":6,"minecraft:raw_iron_block":4,"minecraft:furnace":5,"minecraft:iron_ore":41,"minecraft:cobbled_deepslate":3,"minecraft:andesite":1,"minecraft:deepslate_iron_ore":80,"minecraft:stone":297,"minecraft:acacia_leaves":2,"minecraft:crafting_table":4,"minecraft:tall_grass":10,"minecraft:cobblestone":6,"minecraft:deepslate_gold_ore":2,"minecraft:diorite":10,"minecraft:wall_torch":3,"minecraft:grass":148,"minecraft:coal_ore":212,"minecraft:gravel":1,"minecraft:acacia_door":2,"minecraft:dirt":28,"minecraft:deepslate":173},"minecraft:used":{"minecraft:stone_sword":126,"minecraft:stone_shovel":35,"minecraft:chest":2,"minecraft:shield":9,"minecraft:iron_sword":45,"minecraft:cooked_chicken":1,"minecraft:torch":125,"minecraft:dirt":37,"minecraft:furnace":8,"minecraft:egg":1,"minecraft:cooked_beef":6,"minecraft:cobbled_deepslate":3,"minecraft:cooked_mutton":8,"minecraft:water_bucket":25,"minecraft:stone_pickaxe":315,"minecraft:wooden_pickaxe":8,"minecraft:crafting_table":6,"minecraft:white_bed":2,"minecraft:diamond_pickaxe":9,"minecraft:acacia_door":4,"minecraft:bread":1,"minecraft:iron_pickaxe":560,"minecraft:stone_axe":23,"minecraft:cobblestone":163,"minecraft:cooked_porkchop":7,"minecraft:bucket":26,"minecraft:bone_meal":1}},"DataVersion":3105}