{"stats":{"minecraft:killed":{"minecraft:witch":1,"minecraft:spider":6,"minecraft:skeleton":15,"minecraft:drowned":2,"minecraft:zombie_villager":1,"minecraft:creeper":2,"minecraft:zombie":16},"minecraft:dropped":{"minecraft:water_bucket":1,"minecraft:stone_hoe":1,"minecraft:bread":5,"minecraft:moss_block":14,"minecraft:brown_mushroom":2,"minecraft:wheat_seeds":2,"minecraft:mossy_cobblestone":2,"minecraft:cobblestone":88,"minecraft:wooden_axe":1,"minecraft:iron_leggings":1,"minecraft:bone_meal":6,"minecraft:flowering_azalea":2,"minecraft:iron_pickaxe":2,"minecraft:moss_carpet":2,"minecraft:tuff":4,"minecraft:rotten_flesh":4,"minecraft:big_dripleaf":1,"minecraft:potato":10,"minecraft:spruce_planks":12,"minecraft:iron_chestplate":1,"minecraft:azalea":1,"minecraft:wooden_pickaxe":1},"minecraft:killed_by":{"minecraft:creeper":1},"minecraft:used":{"minecraft:stone_sword":36,"minecraft:stone_shovel":100,"minecraft:chest":2,"minecraft:spruce_planks":60,"minecraft:shield":12,"minecraft:iron_sword":117,"minecraft:stone_hoe":96,"minecraft:torch":55,"minecraft:dirt":60,"minecraft:lava_bucket":3,"minecraft:sweet_berries":51,"minecraft:furnace":3,"minecraft:potato":116,"minecraft:cobbled_deepslate":25,"minecraft:water_bucket":27,"minecraft:stone_pickaxe":378,"minecraft:baked_potato":4,"minecraft:wooden_pickaxe":30,"minecraft:glow_berries":8,"minecraft:crafting_table":7,"minecraft:mushroom_stew":12,"minecraft:spruce_log":2,"minecraft:bread":6,"minecraft:iron_pickaxe":135,"minecraft:stone_axe":164,"minecraft:cobblestone":24,"minecraft:bucket":31,"minecraft:coarse_dirt":1,"minecraft:bone_meal":48},"minecraft:crafted":{"minecraft:raw_iron":9,"minecraft:stone_shovel":1,"minecraft:furnace":2,"minecraft:mushroom_stew":7,"minecraft:bone_meal":54,"minecraft:iron_boots":1,"minecraft:iron_axe":1,"minecraft:stone_pickaxe":3,"minecraft:chest":2,"minecraft:stone_hoe":2,"minecraft:crafting_table":5,"minecraft:spruce_planks":208,"minecraft:baked_potato":46,"minecraft:wooden_pickaxe":1,"minecraft:iron_helmet":1,"minecraft:iron_sword":1,"minecraft:bucket":1,"minecraft:stone_axe":2,"minecraft:bread":7,"minecraft:air":0,"minecraft:iron_chestplate":1,"minecraft:shield":2,"minecraft:stick":44,"minecraft:iron_pickaxe":6,"minecraft:iron_ingot":116,"minecraft:stone_sword":1,"minecraft:iron_shovel":1,"minecraft:iron_leggings":1,"minecraft:torch":60,"minecraft:brick":25},"minecraft:custom":{"minecraft:interact_with_smithing_table":1,"minecraft:mob_kills":44,"minecraft:interact_with_crafting_table":34,"minecraft:leave_game":1,"minecraft:time_since_death":19599,"minecraft:climb_one_cm":1163,"minecraft:sprint_one_cm":398485,"minecraft:walk_one_cm":244716,"minecraft:damage_blocked_by_shield":475,"minecraft:drop":32,"minecraft:play_time":113473,"minecraft:deaths":2,"minecraft:sneak_time":15959,"minecraft:walk_under_water_one_cm":23857,"minecraft:jump":2588,"minecraft:walk_on_water_one_cm":28357,"minecraft:total_world_time":113473,"minecraft:interact_with_furnace":26,"minecraft:sleep_in_bed":1,"minecraft:time_since_rest":13470,"minecraft:damage_taken":1754,"minecraft:damage_dealt":8701,"minecraft:swim_one_cm":69995,"minecraft:fly_one_cm":447016,"minecraft:player_kills":1,"minecraft:open_chest":41,"minecraft:crouch_one_cm":44423,"minecraft:interact_with_smoker":15,"minecraft:fall_one_cm":69450},"minecraft:mined":{"minecraft:tuff":1,"minecraft:spruce_planks":9,"minecraft:farmland":22,"minecraft:cave_vines_plant":16,"minecraft:granite":15,"minecraft:grass_block":21,"minecraft:spruce_leaves":13,"minecraft:moss_block":12,"minecraft:large_fern":7,"minecraft:raw_iron_block":1,"minecraft:furnace":1,"minecraft:iron_ore":43,"minecraft:andesite":25,"minecraft:potatoes":49,"minecraft:cave_vines":25,"minecraft:deepslate_iron_ore":93,"minecraft:stone":228,"minecraft:podzol":14,"minecraft:brown_mushroom":12,"minecraft:clay":16,"minecraft:crafting_table":3,"minecraft:mushroom_stem":3,"minecraft:tall_grass":1,"minecraft:deepslate_gold_ore":2,"minecraft:seagrass":1,"minecraft:wheat":38,"minecraft:sweet_berry_bush":19,"minecraft:spruce_log":109,"minecraft:grass":5,"minecraft:coal_ore":97,"minecraft:gravel":5,"minecraft:dirt":40,"minecraft:red_mushroom_block":44,"minecraft:deepslate":25,"minecraft:fern":9},"minecraft:picked_up":{"minecraft:wooden_axe":1,"minecraft:crafting_table":4,"minecraft:iron_chestplate":3,"minecraft:coarse_dirt":2,"minecraft:wheat":21,"minecraft:clay_ball":128,"minecraft:brown_mushroom":15,"minecraft:shield":2,"minecraft:string":8,"minecraft:moss_carpet":2,"minecraft:iron_leggings":4,"minecraft:cobbled_deepslate":25,"minecraft:bucket":1,"minecraft:spruce_planks":118,"minecraft:azalea":1,"minecraft:poppy":1,"minecraft:iron_pickaxe":2,"minecraft:iron_boots":2,"minecraft:furnace":2,"minecraft:stick":56,"minecraft:raw_iron":234,"minecraft:big_dripleaf":3,"minecraft:oak_fence":5,"minecraft:torch":9,"minecraft:bowl":5,"minecraft:carrot":2,"minecraft:rotten_flesh":30,"minecraft:arrow":24,"minecraft:stone_sword":1,"minecraft:stone_shovel":1,"minecraft:glow_berries":74,"minecraft:cobblestone":492,"minecraft:water_bucket":1,"minecraft:andesite":50,"minecraft:red_mushroom":12,"minecraft:potato":167,"minecraft:mushroom_stew":4,"minecraft:tuff":4,"minecraft:dirt":227,"minecraft:bone":22,"minecraft:wheat_seeds":133,"minecraft:raw_gold":4,"minecraft:iron_ingot":81,"minecraft:stone_pickaxe":1,"minecraft:moss_block":20,"minecraft:flowering_azalea":2,"minecraft:iron_sword":2,"minecraft:stone_hoe":1,"minecraft:pumpkin":6,"minecraft:sweet_berries":51,"minecraft:raw_iron_block":1,"minecraft:gravel":12,"minecraft:spruce_sapling":19,"minecraft:ink_sac":7,"minecraft:spruce_log":139,"minecraft:spider_eye":2,"minecraft:mossy_cobblestone":36,"minecraft:pumpkin_seeds":3,"minecraft:stone_axe":1,"minecraft:iron_helmet":1,"minecraft:granite":24,"minecraft:coal":179},"minecraft:broken":{"minecraft:stone_pickaxe":2}},"DataVersion":3105}