{"stats":{"minecraft:killed":{"minecraft:zombie_villager":1,"minecraft:spider":5,"minecraft:creeper":1,"minecraft:skeleton":8,"minecraft:zombie":6,"minecraft:drowned":1},"minecraft:dropped":{"minecraft:stone_hoe":1,"minecraft:bread":5,"minecraft:moss_carpet":2,"minecraft:moss_block":14,"minecraft:brown_mushroom":2,"minecraft:wheat_seeds":2,"minecraft:mossy_cobblestone":1,"minecraft:tuff":4,"minecraft:cobblestone":88,"minecraft:rotten_flesh":4,"minecraft:big_dripleaf":1,"minecraft:potato":10,"minecraft:spruce_planks":12,"minecraft:wooden_axe":1,"minecraft:azalea":1,"minecraft:bone_meal":6,"minecraft:flowering_azalea":2,"minecraft:wooden_pickaxe":1},"minecraft:killed_by":{"minecraft:creeper":1},"minecraft:used":{"minecraft:water_bucket":2,"minecraft:stone_sword":36,"minecraft:stone_shovel":29,"minecraft:stone_pickaxe":378,"minecraft:chest":2,"minecraft:shield":5,"minecraft:spruce_planks":37,"minecraft:wooden_pickaxe":30,"minecraft:iron_sword":55,"minecraft:torch":51,"minecraft:glow_berries":2,"minecraft:dirt":19,"minecraft:mushroom_stew":1,"minecraft:crafting_table":7,"minecraft:spruce_log":2,"minecraft:bread":6,"minecraft:iron_pickaxe":135,"minecraft:stone_axe":102,"minecraft:cobblestone":24,"minecraft:sweet_berries":51,"minecraft:furnace":3,"minecraft:bucket":3,"minecraft:potato":5,"minecraft:cobbled_deepslate":25,"minecraft:bone_meal":18},"minecraft:crafted":{"minecraft:raw_iron":9,"minecraft:stone_shovel":1,"minecraft:crafting_table":5,"minecraft:spruce_planks":196,"minecraft:wooden_pickaxe":1,"minecraft:iron_sword":1,"minecraft:furnace":2,"minecraft:bucket":1,"minecraft:bone_meal":24,"minecraft:stone_axe":1,"minecraft:bread":7,"minecraft:air":0,"minecraft:iron_boots":1,"minecraft:iron_chestplate":1,"minecraft:shield":1,"minecraft:stick":28,"minecraft:iron_ingot":45,"minecraft:iron_pickaxe":1,"minecraft:stone_pickaxe":3,"minecraft:chest":2,"minecraft:stone_sword":1,"minecraft:iron_leggings":1,"minecraft:torch":60,"minecraft:stone_hoe":1},"minecraft:custom":{"minecraft:interact_with_smithing_table":1,"minecraft:interact_with_furnace":16,"minecraft:mob_kills":23,"minecraft:interact_with_crafting_table":23,"minecraft:time_since_death":5457,"minecraft:climb_one_cm":1163,"minecraft:time_since_rest":5493,"minecraft:sprint_one_cm":209485,"minecraft:walk_one_cm":138809,"minecraft:damage_taken":855,"minecraft:damage_blocked_by_shield":220,"minecraft:drop":26,"minecraft:damage_dealt":4411,"minecraft:swim_one_cm":31924,"minecraft:fly_one_cm":249367,"minecraft:open_chest":11,"minecraft:deaths":1,"minecraft:crouch_one_cm":42094,"minecraft:play_time":71809,"minecraft:sneak_time":15235,"minecraft:walk_under_water_one_cm":7781,"minecraft:jump":1699,"minecraft:walk_on_water_one_cm":19693,"minecraft:total_world_time":71809,"minecraft:fall_one_cm":43634},"minecraft:mined":{"minecraft:podzol":4,"minecraft:tuff":1,"minecraft:spruce_planks":3,"minecraft:clay":16,"minecraft:crafting_table":3,"minecraft:cave_vines_plant":16,"minecraft:granite":15,"minecraft:grass_block":1,"minecraft:tall_grass":1,"minecraft:deepslate_gold_ore":2,"minecraft:spruce_leaves":9,"minecraft:moss_block":12,"minecraft:large_fern":5,"minecraft:raw_iron_block":1,"minecraft:furnace":1,"minecraft:iron_ore":43,"minecraft:wheat":38,"minecraft:sweet_berry_bush":19,"minecraft:spruce_log":108,"minecraft:andesite":25,"minecraft:grass":4,"minecraft:potatoes":24,"minecraft:coal_ore":97,"minecraft:cave_vines":25,"minecraft:deepslate_iron_ore":93,"minecraft:gravel":5,"minecraft:dirt":18,"minecraft:stone":228,"minecraft:deepslate":25,"minecraft:fern":4},"minecraft:picked_up":{"minecraft:wooden_axe":1,"minecraft:iron_chestplate":1,"minecraft:crafting_table":4,"minecraft:wheat":21,"minecraft:clay_ball":128,"minecraft:andesite":50,"minecraft:brown_mushroom":2,"minecraft:potato":59,"minecraft:tuff":4,"minecraft:shield":1,"minecraft:string":4,"minecraft:dirt":43,"minecraft:moss_carpet":2,"minecraft:iron_leggings":1,"minecraft:bone":14,"minecraft:bucket":1,"minecraft:wheat_seeds":132,"minecraft:cobbled_deepslate":25,"minecraft:raw_gold":4,"minecraft:spruce_planks":112,"minecraft:iron_ingot":17,"minecraft:stone_pickaxe":1,"minecraft:azalea":1,"minecraft:poppy":1,"minecraft:iron_pickaxe":1,"minecraft:moss_block":14,"minecraft:iron_sword":1,"minecraft:flowering_azalea":2,"minecraft:iron_boots":1,"minecraft:furnace":2,"minecraft:raw_iron":234,"minecraft:stick":10,"minecraft:sweet_berries":51,"minecraft:big_dripleaf":3,"minecraft:torch":9,"minecraft:bowl":4,"minecraft:raw_iron_block":1,"minecraft:gravel":12,"minecraft:spruce_sapling":10,"minecraft:spruce_log":137,"minecraft:mossy_cobblestone":2,"minecraft:stone_shovel":1,"minecraft:stone_sword":1,"minecraft:arrow":14,"minecraft:rotten_flesh":4,"minecraft:stone_axe":1,"minecraft:granite":24,"minecraft:glow_berries":74,"minecraft:coal":179,"minecraft:cobblestone":433},"minecraft:broken":{"minecraft:stone_pickaxe":2}},"DataVersion":3105}