{"stats":{"minecraft:dropped":{"minecraft:cobblestone":24,"minecraft:spruce_planks":12},"minecraft:used":{"minecraft:stone_axe":5,"minecraft:dirt":7,"minecraft:crafting_table":3,"minecraft:stone_pickaxe":20,"minecraft:wooden_pickaxe":30,"minecraft:spruce_log":2},"minecraft:crafted":{"minecraft:stone_axe":1,"minecraft:crafting_table":2,"minecraft:spruce_planks":40,"minecraft:stick":8,"minecraft:stone_pickaxe":1,"minecraft:wooden_pickaxe":1},"minecraft:custom":{"minecraft:time_since_rest":5809,"minecraft:crouch_one_cm":4907,"minecraft:play_time":5809,"minecraft:sprint_one_cm":5293,"minecraft:damage_taken":75,"minecraft:walk_one_cm":9776,"minecraft:sneak_time":1572,"minecraft:drop":3,"minecraft:jump":86,"minecraft:damage_dealt":64,"minecraft:time_since_death":5809,"minecraft:total_world_time":5809,"minecraft:interact_with_crafting_table":3,"minecraft:fall_one_cm":3791,"minecraft:fly_one_cm":11373},"minecraft:picked_up":{"minecraft:crafting_table":1,"minecraft:spruce_sapling":2,"minecraft:spruce_log":16,"minecraft:coal":20,"minecraft:dirt":7,"minecraft:cobblestone":42},"minecraft:mined":{"minecraft:podzol":2,"minecraft:coal_ore":20,"minecraft:dirt":5,"minecraft:stone":30,"minecraft:spruce_leaves":4,"minecraft:spruce_log":16,"minecraft:fern":1,"minecraft:crafting_table":1}},"DataVersion":3105}