{"stats":{"minecraft:killed":{"minecraft:skeleton":2,"minecraft:zombie":2},"minecraft:dropped":{"minecraft:stone_hoe":1,"minecraft:bread":5,"minecraft:cobblestone":24,"minecraft:potato":10,"minecraft:spruce_planks":12,"minecraft:wooden_axe":1,"minecraft:bone_meal":6,"minecraft:wooden_pickaxe":1},"minecraft:used":{"minecraft:stone_sword":19,"minecraft:stone_shovel":27,"minecraft:stone_pickaxe":302,"minecraft:spruce_planks":37,"minecraft:wooden_pickaxe":30,"minecraft:torch":22,"minecraft:glow_berries":2,"minecraft:dirt":9,"minecraft:crafting_table":6,"minecraft:spruce_log":2,"minecraft:bread":6,"minecraft:stone_axe":101,"minecraft:sweet_berries":6,"minecraft:furnace":1},"minecraft:crafted":{"minecraft:stone_shovel":1,"minecraft:crafting_table":4,"minecraft:spruce_planks":188,"minecraft:wooden_pickaxe":1,"minecraft:furnace":1,"minecraft:bone_meal":6,"minecraft:stone_axe":1,"minecraft:bread":7,"minecraft:stick":12,"minecraft:stone_pickaxe":3,"minecraft:stone_sword":1,"minecraft:torch":28,"minecraft:stone_hoe":1},"minecraft:custom":{"minecraft:interact_with_smithing_table":1,"minecraft:interact_with_furnace":2,"minecraft:mob_kills":4,"minecraft:interact_with_crafting_table":12,"minecraft:time_since_death":35809,"minecraft:climb_one_cm":191,"minecraft:time_since_rest":35809,"minecraft:sprint_one_cm":97122,"minecraft:walk_one_cm":62861,"minecraft:damage_taken":265,"minecraft:drop":13,"minecraft:damage_dealt":892,"minecraft:swim_one_cm":5012,"minecraft:fly_one_cm":105609,"minecraft:open_chest":4,"minecraft:crouch_one_cm":29906,"minecraft:play_time":35809,"minecraft:sneak_time":10716,"minecraft:walk_under_water_one_cm":1392,"minecraft:jump":649,"minecraft:walk_on_water_one_cm":2262,"minecraft:total_world_time":35809,"minecraft:fall_one_cm":15644},"minecraft:mined":{"minecraft:podzol":4,"minecraft:spruce_planks":3,"minecraft:clay":14,"minecraft:crafting_table":2,"minecraft:granite":15,"minecraft:spruce_leaves":7,"minecraft:moss_block":1,"minecraft:large_fern":5,"minecraft:iron_ore":30,"minecraft:wheat":38,"minecraft:sweet_berry_bush":19,"minecraft:spruce_log":108,"minecraft:andesite":25,"minecraft:potatoes":6,"minecraft:coal_ore":27,"minecraft:deepslate_iron_ore":8,"minecraft:gravel":5,"minecraft:dirt":17,"minecraft:stone":215,"minecraft:deepslate":11,"minecraft:fern":3},"minecraft:picked_up":{"minecraft:wooden_axe":1,"minecraft:crafting_table":2,"minecraft:wheat":21,"minecraft:clay_ball":59,"minecraft:andesite":25,"minecraft:brown_mushroom":1,"minecraft:potato":6,"minecraft:dirt":21,"minecraft:bone":4,"minecraft:wheat_seeds":61,"minecraft:cobbled_deepslate":11,"minecraft:spruce_planks":4,"minecraft:moss_block":3,"minecraft:raw_iron":38,"minecraft:stick":5,"minecraft:sweet_berries":51,"minecraft:gravel":5,"minecraft:spruce_sapling":5,"minecraft:spruce_log":105,"minecraft:mossy_cobblestone":1,"minecraft:arrow":3,"minecraft:rotten_flesh":4,"minecraft:granite":12,"minecraft:glow_berries":2,"minecraft:coal":27,"minecraft:cobblestone":230},"minecraft:broken":{"minecraft:stone_pickaxe":2}},"DataVersion":3105}