{"stats":{"minecraft:killed":{"minecraft:spider":1,"minecraft:skeleton":3,"minecraft:zombie":3},"minecraft:dropped":{"minecraft:stone_hoe":1,"minecraft:bread":5,"minecraft:cobblestone":24,"minecraft:potato":10,"minecraft:spruce_planks":12,"minecraft:wooden_axe":1,"minecraft:bone_meal":6,"minecraft:wooden_pickaxe":1},"minecraft:used":{"minecraft:stone_sword":36,"minecraft:stone_shovel":27,"minecraft:stone_pickaxe":378,"minecraft:spruce_planks":37,"minecraft:wooden_pickaxe":30,"minecraft:torch":41,"minecraft:glow_berries":2,"minecraft:dirt":19,"minecraft:crafting_table":7,"minecraft:spruce_log":2,"minecraft:bread":6,"minecraft:stone_axe":101,"minecraft:sweet_berries":31,"minecraft:furnace":2,"minecraft:cobbled_deepslate":8},"minecraft:crafted":{"minecraft:raw_iron":9,"minecraft:stone_shovel":1,"minecraft:crafting_table":5,"minecraft:spruce_planks":192,"minecraft:wooden_pickaxe":1,"minecraft:furnace":2,"minecraft:bone_meal":6,"minecraft:stone_axe":1,"minecraft:bread":7,"minecraft:stick":20,"minecraft:stone_pickaxe":3,"minecraft:stone_sword":1,"minecraft:torch":60,"minecraft:stone_hoe":1},"minecraft:custom":{"minecraft:interact_with_smithing_table":1,"minecraft:interact_with_furnace":4,"minecraft:mob_kills":8,"minecraft:interact_with_crafting_table":14,"minecraft:time_since_death":47809,"minecraft:climb_one_cm":936,"minecraft:time_since_rest":47809,"minecraft:sprint_one_cm":125702,"minecraft:walk_one_cm":84836,"minecraft:damage_taken":440,"minecraft:drop":13,"minecraft:damage_dealt":1663,"minecraft:swim_one_cm":10782,"minecraft:fly_one_cm":152400,"minecraft:open_chest":4,"minecraft:crouch_one_cm":36966,"minecraft:play_time":47809,"minecraft:sneak_time":13209,"minecraft:walk_under_water_one_cm":2809,"minecraft:jump":989,"minecraft:walk_on_water_one_cm":9080,"minecraft:total_world_time":47809,"minecraft:fall_one_cm":26339},"minecraft:mined":{"minecraft:podzol":4,"minecraft:tuff":1,"minecraft:spruce_planks":3,"minecraft:clay":16,"minecraft:crafting_table":2,"minecraft:granite":15,"minecraft:spruce_leaves":7,"minecraft:moss_block":6,"minecraft:large_fern":5,"minecraft:raw_iron_block":1,"minecraft:iron_ore":30,"minecraft:wheat":38,"minecraft:sweet_berry_bush":19,"minecraft:spruce_log":108,"minecraft:andesite":25,"minecraft:grass":3,"minecraft:potatoes":6,"minecraft:coal_ore":27,"minecraft:cave_vines":1,"minecraft:deepslate_iron_ore":63,"minecraft:gravel":5,"minecraft:dirt":17,"minecraft:stone":215,"minecraft:deepslate":24,"minecraft:fern":3},"minecraft:picked_up":{"minecraft:wooden_axe":1,"minecraft:crafting_table":2,"minecraft:wheat":21,"minecraft:clay_ball":64,"minecraft:andesite":25,"minecraft:brown_mushroom":1,"minecraft:potato":6,"minecraft:tuff":4,"minecraft:dirt":21,"minecraft:moss_carpet":2,"minecraft:bone":5,"minecraft:wheat_seeds":63,"minecraft:cobbled_deepslate":24,"minecraft:spruce_planks":4,"minecraft:azalea":1,"minecraft:moss_block":8,"minecraft:flowering_azalea":2,"minecraft:raw_iron":92,"minecraft:stick":5,"minecraft:sweet_berries":51,"minecraft:big_dripleaf":1,"minecraft:raw_iron_block":1,"minecraft:gravel":6,"minecraft:spruce_sapling":5,"minecraft:spruce_log":105,"minecraft:mossy_cobblestone":1,"minecraft:arrow":5,"minecraft:rotten_flesh":4,"minecraft:granite":12,"minecraft:glow_berries":5,"minecraft:coal":27,"minecraft:cobblestone":230},"minecraft:broken":{"minecraft:stone_pickaxe":2}},"DataVersion":3105}